Data Quality,Item,Series,Time Stamp,Date,Time (s),Measurement,Measurement ID,Image,Bubble Detection,Intensity (Cnt/s),Normalized Intensity (Cnt/s),Number Acqs,Number Unmarked Acqs,Number Marked Acqs,% Acqs Unmarked,Acq Time (s),DLS Temp (C),Attenuation Level (%),Laser Power (%),Set Temp (C),Ramp Rate (C/min),Well,Insert Info,Row,Col,Configuration,Radius (nm),Amplitude,Diffusion Coefficient (cm²/s),Diameter (nm),Polydispersity (nm),%PD,PD Index,Mw-R (kDa),Baseline,SOS,Viscosity from Sample Rh (cP),Lambda (1/s),Sigma (1/s²),D10 (nm),D50 (nm),D90 (nm),Span (D90 - D10)/D50,Range1 Radius (I) (nm),Range1 %Pd (I),Range1 Mw-R (I) (kDa),Range1 %Intensity (I),Range1 %Mass (I),Range1 %Number (I),Range1 Diameter (I) (nm),Range1 Diffusion Coefficient (I) (cm²/s),Range1 Particle Concentration (I) (1/mL),Range2 Radius (I) (nm),Range2 %Pd (I),Range2 Mw-R (I) (kDa),Range2 %Intensity (I),Range2 %Mass (I),Range2 %Number (I),Range2 Diameter (I) (nm),Range2 Diffusion Coefficient (I) (cm²/s),Range2 Particle Concentration (I) (1/mL),Range3 Radius (I) (nm),Range3 %Pd (I),Range3 Mw-R (I) (kDa),Range3 %Intensity (I),Range3 %Mass (I),Range3 %Number (I),Range3 Diameter (I) (nm),Range3 Diffusion Coefficient (I) (cm²/s),Range3 Particle Concentration (I) (1/mL),Range4 Radius (I) (nm),Range4 %Pd (I),Range4 Mw-R (I) (kDa),Range4 %Intensity (I),Range4 %Mass (I),Range4 %Number (I),Range4 Diameter (I) (nm),Range4 Diffusion Coefficient (I) (cm²/s),Range4 Particle Concentration (I) (1/mL),Range5 Radius (I) (nm),Range5 %Pd (I),Range5 Mw-R (I) (kDa),Range5 %Intensity (I),Range5 %Mass (I),Range5 %Number (I),Range5 Diameter (I) (nm),Range5 Diffusion Coefficient (I) (cm²/s),Range5 Particle Concentration (I) (1/mL),RMS Error,Number Unfiltered Peaks (I),Number Filtered Peaks (I),Pre-correction Internal Standard Rh (I) (nm),Internal Standard Viscosity (I) (cP),Mw-S (Da),1/Mw-S (1/Da),Particle Concentration (1/mL),Particle Concentration Calculation,Particle Material,Particle Shape,Particle Core Real RI,Particle Core Imaginary RI,Sample,Concentration (mg/mL),Mw-R Model,dn/dc (mL/g),Conformation Model for SLS,A2 (mol mL/g^2),Viscosity Calculation: Use Internal Standard,Internal Standard Rh (nm),Internal Standard Rh Range Minimum (nm),Internal Standard Rh Range Maximum (nm),Solvent,Rfr Idx @ 589nm & 20C,Viscosity (cP),Temp Model,
Good,A1 ,,08:20:43,2025-08-03,0,1,1,View,--,75558.69178094271,15111734.528087823,5,5,0,100,9.9614696502685547,24.955313474355624,94.999998807907104,10.000000149011612,25,0,A1,"949-WPR3, Z=9, Corner offsets=[120,45],[-30,-60],[100,100],[-90,45]",1,1,2025-Aug-03 08:05:41,12.514340296866648,0.49698760645265427,1.9635555473993573e-07,25.028680593733295,2.0855466910122717,16.665254752057947,0.16665254752057948,1244.2103309815216,1.0093448596265635,17.724666939907856,--,7808.0220168338865,3324.5105676913686,8.342270262773237,10.757134131437914,14.050786700490974,0.53067260926258208,--,--,--,--,--,--,--,--,--,11.433252583423382,19.344210969306442,1007.1272590820299,99.999999999999986,100,99.999999999999986,22.866505166846764,2.1492223785541715e-07,--,--,--,--,--,--,--,--,--,--,--,--,--,--,--,--,--,--,--,--,--,--,--,--,--,--,--,--,0.0027178379709542596,2,1,--,--,--,--,--,,Protein,Sphere,1.5840000000000001,0,,0,Globular Proteins,0.185,Sphere,0,,50,25,1000,Water,1.333,0.88814724561443426,Aqueous,
Good,A2 ,,08:21:47,2025-08-03,64,2,2,View,--,65307.323745542693,13061461.440382471,5,5,0,100,9.9614696502685547,25.049035869291618,94.999998807907104,10.000000149011612,25,0,A2,"949-WPR3, Z=9, Corner offsets=[120,45],[-30,-60],[100,100],[-90,45]",1,2,2025-Aug-03 08:05:41,12.215757734561674,0.46386769872866684,2.0165186362197912e-07,24.431515469123347,2.5446629077065093,20.830987016932824,0.20830987016932823,1175.8584252333801,1.0087627332663964,24.602974414078439,--,7893.985639006879,3924.7989632900735,8.5513918025756919,10.421584974273806,13.002384698879958,0.42709366255629638,--,--,--,--,--,--,--,--,--,10.917102171644842,14.68466351293937,903.9455955207344,97.164635386039663,97.50403598297008,99.999998996115679,21.834204343289684,2.2563957669343916e-07,--,--,--,--,--,--,--,--,--,--,1391.3097005916109,17.35146210032033,76236279.816674799,2.8353646139603188,2.4959640170299253,1.0038843263229109e-06,2782.6194011832217,1.7705118505833126e-09,--,--,--,--,--,--,--,--,--,--,0.0028639328467777872,3,2,--,--,--,--,--,,Protein,Sphere,1.5840000000000001,0,,0,Globular Proteins,0.185,Sphere,0,,50,25,1000,Water,1.333,0.88623737367710675,Aqueous,
Error,A3 ,,08:22:51,2025-08-03,128,3,3,View,--,77524.816859244165,15504959.444136478,5,5,0,100,9.9614696502685547,25.081799792053115,94.999998807907104,10.000000149011612,25,0,A3,"949-WPR3, Z=9, Corner offsets=[120,45],[-30,-60],[100,100],[-90,45]",1,3,2025-Aug-03 08:05:41,954.33650857350608,1.1693101181077099,2.5834219668351471e-09,1908.6730171470122,544.73172560050625,57.079627647772135,0.57079627647772135,31556172.15122487,1.4054284445358105,31149.937949373103,--,3.5586961921842507e-05,130.15186498938985,5.9013069772873346,1015.3379002274562,1171.1418586697921,1.1476381916123366,6.2890129796709955,4.4522853098654487,248.71499518615218,27.943105222094932,71.738583851839792,99.999992782425565,12.578025959341991,3.9202557030348706e-07,--,--,--,--,--,--,--,--,--,--,--,--,--,--,--,--,--,--,--,1109.6387990354717,7.9616536074511091,44904994.110990658,72.056894777905057,28.261416148160212,7.2175744272539293e-06,2219.2775980709434,2.2218526444322189e-09,--,--,--,--,--,--,--,--,--,--,0.049487140158407904,3,2,--,--,--,--,--,,Protein,Sphere,1.5840000000000001,0,,0,Globular Proteins,0.185,Sphere,0,,50,25,1000,Water,1.333,0.88557136277221737,Aqueous,
Caution,A4 ,,08:23:55,2025-08-03,192,4,4,View,--,60562.629107596083,12112522.753178054,5,5,0,100,9.9614696502685547,25.077188614554306,94.999998807907104,10.000000149011612,25,0,A4,"949-WPR3, Z=9, Corner offsets=[120,45],[-30,-60],[100,100],[-90,45]",1,4,2025-Aug-03 08:05:41,23.391609424899105,0.45392341586731894,1.0538629186271113e-07,46.78321884979821,1.7167153580431862e-07,7.3390219837367643e-07,7.3390219837367639e-09,5376.5722761233255,1.0364921076642784,2133.1222935824708,--,4236.2276156170647,0.3629095345214951,6.9132933077658238,9.4181730430157682,512.86833677919924,53.721145402678111,9.3865546219423877,20.154663788557915,634.817209333493,81.40594663641221,92.728071037580605,99.999976214801862,18.773109243884775,2.6262617938943391e-07,--,--,--,--,--,--,--,--,--,--,862.07786529908356,88.415266373624604,24875415.564946141,18.59405336358779,7.2719289624193779,2.3785198133411777e-05,1724.1557305981671,2.8595502531963481e-09,--,--,--,--,--,--,--,--,--,--,--,--,--,--,--,--,--,--,--,0.0036215009159148771,3,2,--,--,--,--,--,,Protein,Sphere,1.5840000000000001,0,,0,Globular Proteins,0.185,Sphere,0,,50,25,1000,Water,1.333,0.88566504518155986,Aqueous,
Caution,A5 ,,08:24:59,2025-08-03,256,5,5,View,--,65489.735374437572,13097943.756919757,5,5,0,100,9.9614696502685547,25.057143142680001,94.999998807907104,10.000000149011612,25,0,A5,"949-WPR3, Z=9, Corner offsets=[120,45],[-30,-60],[100,100],[-90,45]",1,5,2025-Aug-03 08:05:41,12.450987843429594,0.40194288328290406,1.9788435575731677e-07,24.901975686859188,2.5771561487769379,20.698407075683615,0.20698407075683614,1229.52263946787,1.0452849129407791,26.260518557393382,--,7751.4996557943732,3835.3849500370634,7.5324614536039496,8.8780196942563236,10.443147198532827,0.32785303988590603,9.2966109714329619,11.860832933114903,620.67562687783789,100.00000000000001,100,100,18.593221942865924,2.6502730032592445e-07,--,--,--,--,--,--,--,--,--,--,--,--,--,--,--,--,--,--,--,--,--,--,--,--,--,--,--,--,--,--,--,--,--,--,--,--,--,0.0036068039822890817,2,1,--,--,--,--,--,,Protein,Sphere,1.5840000000000001,0,,0,Globular Proteins,0.185,Sphere,0,,50,25,1000,Water,1.333,0.88607249300331714,Aqueous,
Caution,A6 ,,08:26:04,2025-08-03,321,6,6,View,--,77340.952176314007,15468186.516865756,5,5,0,100,9.9614696502685547,25.029517292566233,94.999998807907104,10.000000149011612,25,0,A6,"949-WPR3, Z=9, Corner offsets=[120,45],[-30,-60],[100,100],[-90,45]",1,6,2025-Aug-03 08:05:41,9.1332394450229089,0.46109975748577603,2.6957199836071538e-07,18.266478890045818,5.2132194815366075,57.079632182177299,0.57079632182177298,595.45461634435253,1.4002049744686402,22897.008021735775,--,0.00024322828388933219,13580.94142917761,5.932895464843229,8.0089371833119287,1207.4313385619057,150.01971117973082,7.7270474716565642,17.316656735456135,402.67329895691745,74.513354281789418,92.28682757564691,99.999265506522804,15.454094943313128,3.1862954352652719e-07,--,--,--,--,--,--,--,--,--,--,108.48285851793226,10.011509257517217,194767.55243419195,13.619495590786848,3.0247950280968339,0.00073399318727784444,216.96571703586451,2.2695434489263173e-08,--,1474.8132457376316,14.016798810047259,87375476.859074265,11.867150127423749,4.6883773962562474,5.0028990608482179e-07,2949.6264914752633,1.6694083917522237e-09,--,--,--,--,--,--,--,--,--,--,0.0030346309354614982,6,3,--,--,--,--,--,,Protein,Sphere,1.5840000000000001,0,,0,Globular Proteins,0.185,Sphere,0,,50,25,1000,Water,1.333,0.88663454499950078,Aqueous,
Good,B1 ,,08:27:12,2025-08-03,389,7,7,View,--,85519.446712096062,17103885.009667441,5,5,0,100,9.9614696502685547,24.989993930206843,94.999998807907104,10.000000149011612,25,0,B1,"949-WPR3, Z=9, Corner offsets=[120,45],[-30,-60],[100,100],[-90,45]",2,1,2025-Aug-03 08:05:41,12.417965863008973,0.38857683407347687,1.9806026310612938e-07,24.835931726017947,2.6287356211392665,21.168810175020909,0.21168810175020908,1221.9063662228234,1.0137823570350442,14.652243182414889,--,7740.2782260339054,3895.9856981162561,7.7903799427484772,10.180837864353428,13.452213115194688,0.5561264453754059,--,--,--,--,--,--,--,--,--,10.843036730810407,20.388664314377728,889.66150820923156,99.999999999999986,100,100.00000000000001,21.686073461620815,2.2682811532693825e-07,--,--,--,--,--,--,--,--,--,--,--,--,--,--,--,--,--,--,--,--,--,--,--,--,--,--,--,--,0.0023294321724851041,2,1,--,--,--,--,--,,Protein,Sphere,1.5840000000000001,0,,0,Globular Proteins,0.185,Sphere,0,,50,25,1000,Water,1.333,0.88743971127908194,Aqueous,
Caution,B2 ,,08:28:15,2025-08-03,452,8,8,View,--,90847.886045153689,18169572.60631926,5,5,0,100,9.9614696502685547,24.962177816071517,94.999998807907104,10.000000149011612,25,0,B2,"949-WPR3, Z=9, Corner offsets=[120,45],[-30,-60],[100,100],[-90,45]",2,2,2025-Aug-03 08:05:41,11.809195626650745,0.45083743210743421,2.0811786523806049e-07,23.618391253301489,2.7534453577878999,23.316112670485214,0.23316112670485215,1086.3249522616793,1.0366605055857536,29.149768763603298,--,8032.4811522638556,4371.0318124552432,7.6609534299283828,8.7798559949634232,10.116417192285391,0.27967016358418506,9.186973037097184,10.049795518762201,603.68382086125666,100,100,100,18.373946074194368,2.6752060489052615e-07,--,--,--,--,--,--,--,--,--,--,--,--,--,--,--,--,--,--,--,--,--,--,--,--,--,--,--,--,--,--,--,--,--,--,--,--,--,0.0027051530515660432,3,1,--,--,--,--,--,,Protein,Sphere,1.5840000000000001,0,,0,Globular Proteins,0.185,Sphere,0,,50,25,1000,Water,1.333,0.88800712623762101,Aqueous,
Caution,B3 ,,08:29:19,2025-08-03,516,9,9,View,--,112610.0312870654,22522000.552145667,5,5,0,100,9.9614696502685547,24.965294122875424,94.999998807907104,10.000000149011612,25,0,B3,"949-WPR3, Z=9, Corner offsets=[120,45],[-30,-60],[100,100],[-90,45]",2,3,2025-Aug-03 08:05:41,11.829925330730298,0.44710389980790488,2.0777023155787231e-07,23.659850661460595,3.1154329955967905,26.335187319432265,0.26335187319432263,1090.7920122024834,1.0235848055615573,27.743369761588593,--,7834.6056599697722,4763.2514107139541,8.1702118687033192,9.1896849179933753,10.389159322517642,0.24146066743481384,9.5375222598502738,7.8172341003215449,658.96445847949155,96.4315161899206,98.609277613229764,99.999997870485515,19.075044519700548,2.5770910497636511e-07,--,--,--,--,--,--,--,--,--,--,814.41683835380536,6.1580992737920166,21775988.055417445,3.5684838100793987,1.3907223867702381,2.1295144737277504e-06,1628.8336767076107,3.0179954656222256e-09,--,--,--,--,--,--,--,--,--,--,--,--,--,--,--,--,--,--,--,0.0023126302098054633,3,2,--,--,--,--,--,,Protein,Sphere,1.5840000000000001,0,,0,Globular Proteins,0.185,Sphere,0,,50,25,1000,Water,1.333,0.88794352660565512,Aqueous,
Good,B4 ,,08:30:23,2025-08-03,580,10,10,View,--,71024.918970427418,14204980.195683539,5,5,0,100,9.9614696502685547,24.979781125408692,94.999998807907104,10.000000149011612,25,0,B4,"949-WPR3, Z=9, Corner offsets=[120,45],[-30,-60],[100,100],[-90,45]",2,4,2025-Aug-03 08:05:41,12.171628035910736,0.44624939830602661,2.0201441127488867e-07,24.343256071821472,1.4002701101438724,11.504378099729678,0.11504378099729679,1165.9434307925542,1.0084168065594938,11.126516968299883,--,8104.6916059332198,2777.3487116033725,8.73169410639772,10.260007444054439,12.070402161855206,0.3254099057591065,--,--,--,--,--,--,--,--,--,10.747468745395324,11.73572135547632,871.42272775512936,100,100,99.999999999999986,21.494937490790647,2.2878357036254804e-07,--,--,--,--,--,--,--,--,--,--,--,--,--,--,--,--,--,--,--,--,--,--,--,--,--,--,--,--,0.0022512037431879927,2,1,--,--,--,--,--,,Protein,Sphere,1.5840000000000001,0,,0,Globular Proteins,0.185,Sphere,0,,50,25,1000,Water,1.333,0.8876479682796462,Aqueous,
Caution,B5 ,,08:31:27,2025-08-03,644,11,11,View,--,63577.781403257439,12715553.059550844,5,5,0,100,9.9614696502685547,24.992604682100875,94.999998807907104,10.000000149011612,25,0,B5,"949-WPR3, Z=9, Corner offsets=[120,45],[-30,-60],[100,100],[-90,45]",2,5,2025-Aug-03 08:05:41,14.296345279301557,0.41458582595267557,1.7204919200826102e-07,28.592690558603113,8.1603013427648481,57.079632474877634,0.5707963247487764,1698.9248904608091,1.0750004874864134,289.96174798803457,--,1.2270664554435173e-05,8667.7771851767375,6.8693548013482566,9.5502964134687396,627.20278940762717,64.954364529610359,9.7168158253823176,23.591131840534306,688.31501743575348,84.341528316611772,95.838239134434545,99.999439531228859,19.433631650764635,2.5313587271560447e-07,--,44.833822511074189,12.935956855395894,24638.021723007761,4.7521659263973621,0.083471402227999411,0.00055665048359069527,89.667645022148378,5.4862033086012172e-08,--,835.38282923945201,16.477222419082192,23110346.344746191,10.906305756990882,4.0782894633374571,3.8182875509809585e-06,1670.765658478904,2.9443682200342595e-09,--,--,--,--,--,--,--,--,--,--,--,--,--,--,--,--,--,--,--,0.0034459704099917376,5,3,--,--,--,--,--,,Protein,Sphere,1.5840000000000001,0,,0,Globular Proteins,0.185,Sphere,0,,50,25,1000,Water,1.333,0.8873864868368494,Aqueous,
Good,B6 ,,08:32:32,2025-08-03,709,12,12,View,--,74984.00419668117,14996797.04035145,5,5,0,100,9.9614696502685547,25.000543092339143,94.999998807907104,10.000000149011612,25,0,B6,"949-WPR3, Z=9, Corner offsets=[120,45],[-30,-60],[100,100],[-90,45]",2,6,2025-Aug-03 08:05:41,11.718235277630285,0.45528739148730996,2.0994532928533294e-07,23.43647055526057,3.613910587859031,30.840058270189065,0.30840058270189064,1066.847796361109,1.0154112338491701,32.747366924944075,--,7526.8130975298982,5446.4817542343271,8.1542034126906326,9.5133071357612309,11.342449227183515,0.33513538131319531,9.8625323710858623,10.757027460934134,712.70993567834512,94.321985570280134,98.238339884530902,99.999989352471729,19.725064742171725,2.4944797861629008e-07,--,--,--,--,--,--,--,--,--,--,515.5195840992028,8.148376467007088,7469471.977957204,5.6780144297198758,1.7616601154691076,1.0647528284971764e-05,1031.0391681984056,4.7722508317582647e-09,--,--,--,--,--,--,--,--,--,--,--,--,--,--,--,--,--,--,--,0.0024610873724927396,4,2,--,--,--,--,--,,Protein,Sphere,1.5840000000000001,0,,0,Globular Proteins,0.185,Sphere,0,,50,25,1000,Water,1.333,0.8872246828015794,Aqueous,
Good,C1 ,,08:33:39,2025-08-03,776,13,13,View,--,76123.857667945296,15224767.676854812,5,5,0,100,9.9614696502685547,24.99864780853985,94.999998807907104,10.000000149011612,25,0,C1,"949-WPR3, Z=9, Corner offsets=[120,45],[-30,-60],[100,100],[-90,45]",3,1,2025-Aug-03 08:05:41,11.631083750721661,0.43558284688715149,2.115078929313515e-07,23.262167501443322,1.3216986706880105,11.363504029502019,0.1136350402950202,1048.3752543005603,1.0090561421579796,14.013468296486877,--,8486.5855474455129,2888.8026273387622,8.3856967452405584,9.7245906983624746,11.371697197019234,0.307056671524642,--,--,--,--,--,--,--,--,--,10.196268389165564,11.237572261671295,770.42348708531301,99.999999999999986,100,100.00000000000001,20.392536778331127,2.4127121047904709e-07,--,--,--,--,--,--,--,--,--,--,--,--,--,--,--,--,--,--,--,--,--,--,--,--,--,--,--,--,0.0025142201189355404,2,1,--,--,--,--,--,,Protein,Sphere,1.5840000000000001,0,,0,Globular Proteins,0.185,Sphere,0,,50,25,1000,Water,1.333,0.88726330870679238,Aqueous,
Good,C2 ,,08:34:43,2025-08-03,840,14,14,View,--,93343.228063277944,18668640.883520264,5,5,0,100,9.9614696502685547,24.993236033151174,94.999998807907104,10.000000149011612,25,0,C2,"949-WPR3, Z=9, Corner offsets=[120,45],[-30,-60],[100,100],[-90,45]",3,2,2025-Aug-03 08:05:41,11.781841707353413,0.44762975388079074,2.0877173544548404e-07,23.563683414706826,2.0210510043044447,17.153948037199008,0.17153948037199007,1080.4464932713674,1.0056086865504446,28.519680466961532,--,8290.256177162024,3596.5151666426514,8.5082154111329658,10.187686655649117,12.704215942851441,0.41186980651704425,--,--,--,--,--,--,--,--,--,10.555363812127432,12.83802586121725,835.41307197523327,93.167589317251384,84.826531783716504,99.999999733609684,21.110727624254864,2.3302991576302681e-07,--,--,--,--,--,--,--,--,--,--,4180.8119553107063,22.198259297320398,1000470504.5370151,6.8324106827486206,15.173468216283501,2.6639033573237443e-07,8361.6239106214125,5.8833441118146576e-10,--,--,--,--,--,--,--,--,--,--,0.0027987800794991471,2,2,--,--,--,--,--,,Protein,Sphere,1.5840000000000001,0,,0,Globular Proteins,0.185,Sphere,0,,50,25,1000,Water,1.333,0.88737361653143199,Aqueous,
Good,C3 ,,08:35:48,2025-08-03,905,15,15,View,--,72725.512788090957,14545098.873057472,5,5,0,100,9.9614696502685547,24.996878795519049,94.999998807907104,10.000000149011612,25,0,C3,"949-WPR3, Z=9, Corner offsets=[120,45],[-30,-60],[100,100],[-90,45]",3,3,2025-Aug-03 08:05:41,11.823782977697443,0.40971526328545887,2.0805113340076683e-07,23.647565955394885,3.0115625950990661,25.470381186627094,0.25470381186627095,1089.4672974291634,1.0082001656090935,18.825167192418615,--,7903.6366523639208,4653.6411204205988,8.3401564273317632,10.061121009759928,12.417938972646223,0.40530101380937084,--,--,--,--,--,--,--,--,--,10.471566382829792,13.624706826857222,819.97746402086273,95.413802190086059,96.284647197263965,99.999998644523387,20.943132765659584,2.3491723775234091e-07,--,--,--,--,--,--,--,--,--,--,1414.0179158854664,19.633017775361054,79179555.741595209,4.5861978099139273,3.7153528027360303,1.3554766122920644e-06,2828.0358317709329,1.7396890251239926e-09,--,--,--,--,--,--,--,--,--,--,0.0021029195735199043,4,2,--,--,--,--,--,,Protein,Sphere,1.5840000000000001,0,,0,Globular Proteins,0.185,Sphere,0,,50,25,1000,Water,1.333,0.88729936379882279,Aqueous,
Good,C4 ,,08:36:52,2025-08-03,969,16,16,View,--,76199.328353255332,15239861.810093176,5,5,0,100,9.9614696502685547,25.001700847794808,94.999998807907104,10.000000149011612,25,0,C4,"949-WPR3, Z=9, Corner offsets=[120,45],[-30,-60],[100,100],[-90,45]",3,4,2025-Aug-03 08:05:41,12.81904176375391,0.43026995202556378,1.9192259392817002e-07,25.63808352750782,2.4485008973924831,19.100498637235638,0.19100498637235638,1316.2521767156113,1.0015561991641528,21.803910274706574,--,7570.5845261804116,3532.732866034929,7.6726262126244027,12.492176572336051,20.836246573455529,1.0537491432823636,--,--,--,--,--,--,--,--,--,13.998363350132122,37.368662796018413,1617.2242144457398,99.999999999999986,100,100,27.996726700264244,1.7575367101397414e-07,--,--,--,--,--,--,--,--,--,--,--,--,--,--,--,--,--,--,--,--,--,--,--,--,--,--,--,--,0.0029557955933421235,3,1,--,--,--,--,--,,Protein,Sphere,1.5840000000000001,0,,0,Globular Proteins,0.185,Sphere,0,,50,25,1000,Water,1.333,0.88720108914276974,Aqueous,
Good,C5 ,,08:37:56,2025-08-03,1033,17,17,View,--,69341.180663083098,13868232.619519485,5,5,0,100,9.9614696502685547,25.003975092668441,94.999998807907104,10.000000149011612,25,0,C5,"949-WPR3, Z=9, Corner offsets=[120,45],[-30,-60],[100,100],[-90,45]",3,5,2025-Aug-03 08:05:41,12.17592266997235,0.40546491484649438,2.020718355352372e-07,24.351845339944699,2.5706472059652361,21.112545436124012,0.21112545436124011,1166.9062313961413,1.0105402729514228,16.722562480941171,--,7899.3163944099088,3967.9069119902811,7.2473311833465104,10.392233699159558,15.221725210817111,0.76734167632464867,--,--,--,--,--,--,--,--,--,11.284073134713671,27.71435849647586,976.64864549450681,99.999999999999986,100,100,22.568146269427341,2.180428125449978e-07,--,--,--,--,--,--,--,--,--,--,--,--,--,--,--,--,--,--,--,--,--,--,--,--,--,--,--,--,0.0026584853623091678,2,1,--,--,--,--,--,,Protein,Sphere,1.5840000000000001,0,,0,Globular Proteins,0.185,Sphere,0,,50,25,1000,Water,1.333,0.88715474589135768,Aqueous,
Good,C6 ,,08:39:01,2025-08-03,1098,18,18,View,--,79954.396709810855,15990875.291157737,5,5,0,100,9.9614696502685547,25.003048729901746,94.999998807907104,10.000000149011612,25,0,C6,"949-WPR3, Z=9, Corner offsets=[120,45],[-30,-60],[100,100],[-90,45]",3,6,2025-Aug-03 08:05:41,11.993095898157948,0.39954386116614871,2.0514728355609844e-07,23.986191796315897,3.947073095168359,32.911210989104163,0.32911210989104162,1126.3208612463898,1.0164457405007543,31.163659869702453,--,7127.9723686883726,5621.6258284412797,7.5587692860732165,9.6586381422755032,12.859213271461405,0.54877757167320929,--,--,--,--,--,--,--,--,--,10.107224281142031,17.924734462338094,754.77304814864044,95.095793824185264,98.187775437219969,99.999995891626384,20.214448562284062,2.4342499745705555e-07,--,699.90010728798097,18.08894467398834,15275450.625161191,4.9042061758147328,1.812224562780036,4.1083736030638726e-06,1399.8002145759619,3.5152888523884069e-09,--,--,--,--,--,--,--,--,--,--,--,--,--,--,--,--,--,--,--,0.0024414648155489387,3,2,--,--,--,--,--,,Protein,Sphere,1.5840000000000001,0,,0,Globular Proteins,0.185,Sphere,0,,50,25,1000,Water,1.333,0.88717362227983998,Aqueous,
Caution,D1 ,,08:40:08,2025-08-03,1165,19,19,View,--,72413.789404098978,14482754.212052207,5,5,0,100,9.9614696502685547,24.997426532584409,94.999998807907104,10.000000149011612,25,0,D1,"949-WPR3, Z=9, Corner offsets=[120,45],[-30,-60],[100,100],[-90,45]",4,1,2025-Aug-03 08:05:41,11.513152938146945,0.47074470079306985,2.1366752754753164e-07,23.02630587629389,5.1393806796716275,44.639211407008517,0.44639211407008517,1023.6724590373356,1.0439530403283761,134.2597094411511,--,5192.7779680468157,7880.1931125491974,7.1156219380425849,8.536429917417939,10.361001305043249,0.38017993451556525,8.9418686886980119,13.529536624828811,566.67044916813279,98.626902507932954,99.777788625465703,99.9999971435482,17.883737377396024,2.7510881765460657e-07,--,--,--,--,--,--,--,--,--,--,347.77582655093022,7.6749654752540168,2973794.6344750938,1.3730974920670389,0.22221137453429343,2.8564517935033227e-06,695.55165310186044,7.073484511466479e-09,--,--,--,--,--,--,--,--,--,--,--,--,--,--,--,--,--,--,--,0.0029649145833134691,4,2,--,--,--,--,--,,Protein,Sphere,1.5840000000000001,0,,0,Globular Proteins,0.185,Sphere,0,,50,25,1000,Water,1.333,0.88728819984353968,Aqueous,
Caution,D2 ,,08:41:13,2025-08-03,1230,20,20,View,--,84778.316400497206,16955658.98489625,5,5,0,100,9.9614696502685547,24.991446332637089,94.999998807907104,10.000000149011612,25,0,D2,"949-WPR3, Z=9, Corner offsets=[120,45],[-30,-60],[100,100],[-90,45]",4,2,2025-Aug-03 08:05:41,13.662827209764638,0.50959662494754843,1.8002127984251914e-07,27.325654419529275,7.7986914974194832,57.079632038717897,0.57079632038717898,1527.9758740684676,1.3010393543433063,1699.0299105358977,--,0.00023574629321798128,9069.4080372328135,6.2753374867271514,7.2207501504608951,356.75034797460427,48.537202255295668,7.3324338612467681,8.633144103391448,356.19374514119181,82.471365656474134,97.565627868028258,99.999983286524042,14.664867722493536,3.3544109460958816e-07,--,--,--,--,--,--,--,--,--,--,377.69995241514471,6.9272075501848507,3607339.725640187,17.528634343525869,2.4343721319717364,1.6713475960208879e-05,755.39990483028942,6.5120464666238121e-09,--,--,--,--,--,--,--,--,--,--,--,--,--,--,--,--,--,--,--,0.0043197631841276384,3,2,--,--,--,--,--,,Protein,Sphere,1.5840000000000001,0,,0,Globular Proteins,0.185,Sphere,0,,50,25,1000,Water,1.333,0.88741010101138762,Aqueous,
Caution,D3 ,,08:42:18,2025-08-03,1295,21,21,View,--,63472.022003545091,12694401.184966562,5,5,0,100,9.9614696502685547,24.993678350828311,94.999998807907104,10.000000149011612,25,0,D3,"949-WPR3, Z=9, Corner offsets=[120,45],[-30,-60],[100,100],[-90,45]",4,3,2025-Aug-03 08:05:41,12.296948120518058,0.46753299543136118,2.0002883319975639e-07,24.593896241036116,6.5975112873153465,53.651615202857343,0.53651615202857339,1194.2258713803262,1.0887833410257186,105.18730548617302,--,1744.6647069684145,9236.3002262463233,7.1994189717378099,8.5248960334868968,10.439690617753108,0.38009515110648751,8.8621994918465283,12.350681568071336,554.92758075940435,94.633519995686541,99.15845422710224,99.99998525710545,17.724398983693057,2.7755459428872011e-07,--,--,--,--,--,--,--,--,--,--,321.4221266577801,8.8008719938570703,2473059.3820016468,5.3664800043134688,0.84154577289777099,1.4742894556091585e-05,642.8442533155602,7.6526909022790082e-09,--,--,--,--,--,--,--,--,--,--,--,--,--,--,--,--,--,--,--,0.0029730051301844504,3,2,--,--,--,--,--,,Protein,Sphere,1.5840000000000001,0,,0,Globular Proteins,0.185,Sphere,0,,50,25,1000,Water,1.333,0.88736459992507255,Aqueous,
Caution,D4 ,,08:43:22,2025-08-03,1359,22,22,View,--,89209.128295901231,17841821.139494684,5,5,0,100,9.9614696502685547,24.998458266422887,94.999998807907104,10.000000149011612,25,0,D4,"949-WPR3, Z=9, Corner offsets=[120,45],[-30,-60],[100,100],[-90,45]",4,4,2025-Aug-03 08:05:41,12.270075543597105,0.42119419718651474,2.0049214305200548e-07,24.540151087194211,7.0037107856259881,57.079606076922119,0.57079606076922118,1188.1285217520042,1.0950878353177926,165.69863452704789,--,0.015039549784921283,10100.716113485134,6.5833563171457632,7.9781641604552842,10.597005137257495,0.50307924722906283,8.2052692402884073,13.441676102249673,463.41818874208809,90.315219741768828,98.738944890548339,99.999979502523814,16.410538480576815,2.9981389630297091e-07,--,--,--,--,--,--,--,--,--,--,307.34112293985328,9.1037724055804716,2226965.6064247484,9.6847802582311751,1.2610551094516536,2.049747618627653e-05,614.68224587970656,8.0043103819439672e-09,--,--,--,--,--,--,--,--,--,--,--,--,--,--,--,--,--,--,--,0.0031830577646791052,3,2,--,--,--,--,--,,Protein,Sphere,1.5840000000000001,0,,0,Globular Proteins,0.185,Sphere,0,,50,25,1000,Water,1.333,0.88726717173503822,Aqueous,
Good,D5 ,,08:44:26,2025-08-03,1423,23,23,View,--,74675.196130173077,14935035.442695262,5,5,0,100,9.9614696502685547,25.001890591704001,94.999998807907104,10.000000149011612,25,0,D5,"949-WPR3, Z=9, Corner offsets=[120,45],[-30,-60],[100,100],[-90,45]",4,5,2025-Aug-03 08:05:41,11.551488377488333,0.46184451921340924,2.129834663369205e-07,23.102976754976666,2.3613317955152282,20.441796921312903,0.20441796921312905,1031.665534943781,1.0182688442054573,29.843698689683428,--,8353.1349840684834,4094.5668072997255,7.8511906877973328,9.2106545906179225,10.852146774337241,0.32581355179649402,9.6605196603189327,11.930347072006096,679.02036670340317,100,100,100,19.321039320637865,2.5467326008287334e-07,--,--,--,--,--,--,--,--,--,--,--,--,--,--,--,--,--,--,--,--,--,--,--,--,--,--,--,--,--,--,--,--,--,--,--,--,--,0.0029510900352362913,3,1,--,--,--,--,--,,Protein,Sphere,1.5840000000000001,0,,0,Globular Proteins,0.185,Sphere,0,,50,25,1000,Water,1.333,0.88719722249301347,Aqueous,
Good,D6 ,,08:45:30,2025-08-03,1487,24,24,View,--,75720.083206164112,15144012.804955376,5,5,0,100,9.9614696502685547,25.003954236541276,94.999998807907104,10.000000149011612,25,0,D6,"949-WPR3, Z=9, Corner offsets=[120,45],[-30,-60],[100,100],[-90,45]",4,6,2025-Aug-03 08:05:41,11.667135154412398,0.4433998104188755,2.1088379108360174e-07,23.334270308824795,1.7005131977082024,14.575242124156629,0.14575242124156629,1055.9942660967897,1.0014483806480823,15.842467575895903,--,8425.7959860989631,3302.5651796625607,7.7647068824328569,10.916211883761362,16.016483723512462,0.75591944613632012,--,--,--,--,--,--,--,--,--,11.915427702930433,27.560929363817571,1109.328021847228,100,99.999999999999986,100,23.830855405860866,2.064894147141815e-07,--,--,--,--,--,--,--,--,--,--,--,--,--,--,--,--,--,--,--,--,--,--,--,--,--,--,--,--,0.0025304260607293531,2,1,--,--,--,--,--,,Protein,Sphere,1.5840000000000001,0,,0,Globular Proteins,0.185,Sphere,0,,50,25,1000,Water,1.333,0.88715517086675932,Aqueous,
Good,E1 ,,08:46:38,2025-08-03,1555,25,25,View,--,63946.516744861299,12789300.109190032,5,5,0,100,9.9614696502685547,24.999700731036352,94.999998807907104,10.000000149011612,25,0,E1,"949-WPR3, Z=9, Corner offsets=[120,45],[-30,-60],[100,100],[-90,45]",5,1,2025-Aug-03 08:05:41,11.491878279989272,0.45474064726734426,2.1407590199767998e-07,22.983756559978545,1.3725067779073323,11.943276324961332,0.11943276324961331,1019.2519707101935,1.0043059497770723,18.793684183124171,--,8585.0762974353183,3002.9184867244644,7.8984828139323744,10.225989455800763,13.374899154894441,0.53553901699512629,--,--,--,--,--,--,--,--,--,10.869207713660197,19.552189750596867,894.69390028862563,100,100,100.00000000000001,21.738415427320394,2.2633979156957358e-07,--,--,--,--,--,--,--,--,--,--,--,--,--,--,--,--,--,--,--,--,--,--,--,--,--,--,--,--,0.0028084681420518917,2,1,--,--,--,--,--,,Protein,Sphere,1.5840000000000001,0,,0,Globular Proteins,0.185,Sphere,0,,50,25,1000,Water,1.333,0.88724184978060217,Aqueous,
Caution,E2 ,,08:47:42,2025-08-03,1619,26,26,View,--,74347.452367243779,14869486.706714192,5,5,0,100,9.9614696502685547,24.993994294462386,94.999998807907104,10.000000149011612,25,0,E2,"949-WPR3, Z=9, Corner offsets=[120,45],[-30,-60],[100,100],[-90,45]",5,2,2025-Aug-03 08:05:41,14.044134154765896,0.4993023833748233,1.7514533953808185e-07,28.088268309531792,8.0163399676906373,57.07963110684387,0.57079631106843864,1629.6239048545228,1.2162690517537948,1544.9384081583285,--,0.00069271213763695604,8823.7596882510043,6.1740744500953824,7.6150437066329442,746.61236654817958,97.233623420065072,7.7069069586537085,13.828228373546079,400.22181101671356,83.906875720953977,96.64114480879752,99.999972123930959,15.413813917307417,3.191636616675248e-07,--,--,--,--,--,--,--,--,--,--,143.34740915233999,10.461601504289513,373851.92707943951,3.2237418589839919,0.15666349809283073,2.6237650561307471e-05,286.69481830467998,1.7159463568963234e-08,--,--,--,--,--,--,--,--,--,--,--,--,--,--,--,--,--,--,--,0.0031282309535241343,5,3,--,--,--,--,--,,Protein,Sphere,1.5840000000000001,0,,0,Globular Proteins,0.185,Sphere,0,,50,25,1000,Water,1.333,0.88735815953797226,Aqueous,
Caution,E3 ,,08:48:46,2025-08-03,1683,27,27,View,--,74802.275134689495,14960451.237160224,5,5,0,100,9.9614696502685547,24.995089284481232,94.999998807907104,10.000000149011612,25,0,E3,"949-WPR3, Z=9, Corner offsets=[120,45],[-30,-60],[100,100],[-90,45]",5,3,2025-Aug-03 08:05:41,11.681358930755881,0.43565605524003731,2.1057785931043367e-07,23.362717861511761,4.6534805572332498,39.836808241386102,0.39836808241386101,1059.0089763189671,1.0549209620487026,66.294374608328212,--,6229.9954495989541,6889.0039209109018,7.4478977596622258,8.3549259470681871,9.5634643976900104,0.25321189576433706,8.6857801321903079,7.8614145206928461,529.42392279993044,95.254042370491291,98.742422568816295,99.999997749698849,17.371560264380616,2.8320260472159676e-07,--,--,--,--,--,--,--,--,--,--,692.97871036079596,5.8838051618339851,14924337.503521441,4.7459576295087,1.2575774311836971,2.2503011346879394e-06,1385.9574207215919,3.549655307873295e-09,--,--,--,--,--,--,--,--,--,--,--,--,--,--,--,--,--,--,--,0.0026799302295570757,3,2,--,--,--,--,--,,Protein,Sphere,1.5840000000000001,0,,0,Globular Proteins,0.185,Sphere,0,,50,25,1000,Water,1.333,0.88733583921212089,Aqueous,
Good,E4 ,,08:49:50,2025-08-03,1747,28,28,View,--,74732.457782773039,14946487.770314155,5,5,0,100,9.9614696502685547,24.998458413267002,94.999998807907104,10.000000149011612,25,0,E4,"949-WPR3, Z=9, Corner offsets=[120,45],[-30,-60],[100,100],[-90,45]",5,4,2025-Aug-03 08:05:41,11.906594315190294,0.45266798328128577,2.0661271271477959e-07,23.813188630380587,2.4957083362973771,20.960723698407879,0.20960723698407879,1107.4047500557483,1.0037272368849328,18.821418653078236,--,8082.998443136602,4037.8031133527716,7.2819062601780997,11.0472366824403,17.58352928547005,0.93250677263631809,--,--,--,--,--,--,--,--,--,12.282346502942215,33.457517193183065,1190.9105678965852,100.00000000000001,100,100,24.564693005884429,2.0029183756267893e-07,--,--,--,--,--,--,--,--,--,--,--,--,--,--,--,--,--,--,--,--,--,--,--,--,--,--,--,--,0.0027424124165864676,3,1,--,--,--,--,--,,Protein,Sphere,1.5840000000000001,0,,0,Globular Proteins,0.185,Sphere,0,,50,25,1000,Water,1.333,0.88726716874226519,Aqueous,
Good,E5 ,,08:50:55,2025-08-03,1812,29,29,View,--,67116.687632461806,13423334.1260968,5,5,0,100,9.9614696502685547,25.001469574475891,94.999998807907104,10.000000149011612,25,0,E5,"949-WPR3, Z=9, Corner offsets=[120,45],[-30,-60],[100,100],[-90,45]",5,5,2025-Aug-03 08:05:41,11.283619286469175,0.44587331643102046,2.1803720116986261e-07,22.567238572938351,1.1726230966346847,10.392260380858854,0.10392260380858855,976.55673816339652,1.0014322765884105,17.927058436806039,--,8754.6505594960345,2840.597853348334,7.4688338963510068,10.580989793709563,15.46613507252359,0.75581787073710327,--,--,--,--,--,--,--,--,--,11.509455816456459,27.242569700291764,1022.9034777072361,99.999999999999986,100,100,23.018911632912918,2.1375891332501629e-07,--,--,--,--,--,--,--,--,--,--,--,--,--,--,--,--,--,--,--,--,--,--,--,--,--,--,--,--,0.0027522151369164236,2,1,--,--,--,--,--,,Protein,Sphere,1.5840000000000001,0,,0,Globular Proteins,0.185,Sphere,0,,50,25,1000,Water,1.333,0.88720580212838018,Aqueous,
Caution,E6 ,,08:51:59,2025-08-03,1876,30,30,View,--,95239.889986388182,19047973.172049951,5,5,0,100,9.9614696502685547,25.003280535648987,94.999998807907104,10.000000149011612,25,0,E6,"949-WPR3, Z=9, Corner offsets=[120,45],[-30,-60],[100,100],[-90,45]",5,6,2025-Aug-03 08:05:41,12.215466841596275,0.41976392937869267,2.0141400163309848e-07,24.430933683192549,6.9725435445043633,57.079632198430296,0.57079632198430297,1175.792910398357,1.1141168335842733,842.38695755990943,--,0.00017243754772743055,10147.165792331738,6.4868518332060638,8.5934969714281202,13.435045609660735,0.80854090011973057,8.8568193130715134,19.729999883533583,554.13963996804398,90.121889724364081,98.744601260679033,99.999970834976637,17.713638626143027,2.7779341221866774e-07,--,--,--,--,--,--,--,--,--,--,266.70821174329313,13.925344531450303,1598153.8922404128,9.8781102756359083,1.2553987393209698,2.9165023370145977e-05,533.41642348658627,9.224935528983402e-09,--,--,--,--,--,--,--,--,--,--,--,--,--,--,--,--,--,--,--,0.002436860017350211,4,2,--,--,--,--,--,,Protein,Sphere,1.5840000000000001,0,,0,Globular Proteins,0.185,Sphere,0,,50,25,1000,Water,1.333,0.8871688987363977,Aqueous,
Caution,F1 ,,08:53:07,2025-08-03,1944,31,31,View,--,81782.014719360319,16356398.80047331,5,5,0,100,9.9614696502685547,24.99847959150383,94.999998807907104,10.000000149011612,25,0,F1,"949-WPR3, Z=9, Corner offsets=[120,45],[-30,-60],[100,100],[-90,45]",6,1,2025-Aug-03 08:05:41,11.795696198704599,0.48258398865205815,2.0855531380240691e-07,23.591392397409198,2.5008315070325566,21.201220045894345,0.21201220045894345,1083.4215923177062,1.0394652679747964,16.850464613931734,--,8149.0761753034594,4106.5872673453241,7.8117057326950103,8.8506278182632236,10.038329216097626,0.25157802690651954,9.237492836282307,9.0908215899372724,611.47988430786972,100,100,99.999999999999986,18.474985672564614,2.6631199242464168e-07,--,--,--,--,--,--,--,--,--,--,--,--,--,--,--,--,--,--,--,--,--,--,--,--,--,--,--,--,--,--,--,--,--,--,--,--,--,0.0027636219937404133,2,1,--,--,--,--,--,,Protein,Sphere,1.5840000000000001,0,,0,Globular Proteins,0.185,Sphere,0,,50,25,1000,Water,1.333,0.88726673711049864,Aqueous,
Good,F2 ,,08:54:11,2025-08-03,2008,32,32,View,--,70045.903176886932,14009177.086576235,5,5,0,100,9.9614696502685547,24.99306797811737,94.999998807907104,10.000000149011612,25,0,F2,"949-WPR3, Z=9, Corner offsets=[120,45],[-30,-60],[100,100],[-90,45]",6,2,2025-Aug-03 08:05:41,11.740237475070233,0.46694727293373611,2.0951063911714332e-07,23.480474950140465,2.0315932615582932,17.304532943837575,0.17304532943837575,1071.5405858874476,1.0083762061319694,19.237476840414917,--,8315.8628318864958,3628.3470367229497,8.1721033697869121,9.9739970272879557,12.21741741043988,0.40558604836008616,--,--,--,--,--,--,--,--,--,10.499303677869058,14.752660750811733,825.0684662632857,99.999999999999986,100,100.00000000000001,20.998607355738116,2.3427312250941807e-07,--,--,--,--,--,--,--,--,--,--,--,--,--,--,--,--,--,--,--,--,--,--,--,--,--,--,--,--,0.0025721919477350321,3,1,--,--,--,--,--,,Protein,Sphere,1.5840000000000001,0,,0,Globular Proteins,0.185,Sphere,0,,50,25,1000,Water,1.333,0.88737704235933157,Aqueous,
Caution,F3 ,,08:55:15,2025-08-03,2072,33,33,View,--,71732.675979218533,14346531.561584007,5,5,0,100,9.9614696502685547,24.995047334434179,94.999998807907104,10.000000149011612,25,0,F3,"949-WPR3, Z=9, Corner offsets=[120,45],[-30,-60],[100,100],[-90,45]",6,3,2025-Aug-03 08:05:41,11.755562216061048,0.48087152794859145,2.0924842177089923e-07,23.511124432122095,5.7618417321165696,49.013748778807432,0.49013748778807431,1074.8161286568286,1.0675182003468069,211.73334233476422,--,3734.0851731285734,8603.2717649168735,7.1865218097963526,8.3825826347938293,10.269345271525683,0.3677653529991301,8.6846064603949582,11.045546999652707,529.25655156483663,92.779366678361853,94.923003249432341,99.999999636750374,17.369212920789916,2.8324056501099308e-07,--,--,--,--,--,--,--,--,--,--,--,--,--,--,--,--,--,--,--,2065.9315880600129,17.377444441795685,192259108.67030266,7.2206333216381333,5.0769967505676741,3.6324963011105619e-07,4131.8631761200259,1.1906651967359016e-09,--,--,--,--,--,--,--,--,--,--,0.0037964521806994407,3,2,--,--,--,--,--,,Protein,Sphere,1.5840000000000001,0,,0,Globular Proteins,0.185,Sphere,0,,50,25,1000,Water,1.333,0.88733669430610118,Aqueous,
Good,F4 ,,08:56:19,2025-08-03,2136,34,34,View,--,64930.966876171624,12986190.085575979,5,5,0,100,9.9614696502685547,24.997595226153255,94.999998807907104,10.000000149011612,25,0,F4,"949-WPR3, Z=9, Corner offsets=[120,45],[-30,-60],[100,100],[-90,45]",6,4,2025-Aug-03 08:05:41,11.349125788457405,0.42953538735630997,2.167565937267041e-07,22.69825157691481,2.4995268538374686,22.023959381784323,0.22023959381784322,989.87351230392028,1.0078706115162643,24.507311129616411,--,8432.0391457330425,4378.0980110108567,7.762388733861795,9.8151656470909234,12.67873112709796,0.5008924525581796,--,--,--,--,--,--,--,--,--,10.307946386480143,17.400539115790636,790.31250975365924,97.067010130191662,97.472857867552605,99.999999583471549,20.615892772960287,2.3865062500794959e-07,--,--,--,--,--,--,--,--,--,--,1712.9386486195588,18.848987591889678,124018861.61299396,2.9329898698083348,2.5271421324474046,4.1652845325797964e-07,3425.8772972391175,1.4361272364683993e-09,--,--,--,--,--,--,--,--,--,--,0.0028040385492232043,4,2,--,--,--,--,--,,Protein,Sphere,1.5840000000000001,0,,0,Globular Proteins,0.185,Sphere,0,,50,25,1000,Water,1.333,0.88728476158585523,Aqueous,
Caution,F5 ,,08:57:23,2025-08-03,2200,35,35,View,--,116430.75178546555,23286144.458252959,5,5,0,100,9.9614696502685547,25.000395818589375,94.999998807907104,10.000000149011612,25,0,F5,"949-WPR3, Z=9, Corner offsets=[120,45],[-30,-60],[100,100],[-90,45]",6,5,2025-Aug-03 08:05:41,32.638387330091845,0.44601889543159878,7.5376862247922404e-08,65.27677466018369,18.629866185637702,57.079616088940128,0.57079616088940133,11721.982022421333,1.373613566729954,6139.5127623315529,--,0.0035117929260093869,3797.4579508718366,5.700085466425211,8.5450191694924165,532.76758344455357,61.681254017530392,7.817446108049789,22.389183901934611,413.78229210098914,68.340937384773966,94.523637019256597,99.999985848527757,15.634892216099578,3.1470370140976999e-07,--,--,--,--,--,--,--,--,--,--,505.06865633879755,24.293568884378708,7119966.7412252175,31.659062615226034,5.4763629807434091,1.4151472240616485e-05,1010.1373126775951,4.8709798062075608e-09,--,--,--,--,--,--,--,--,--,--,--,--,--,--,--,--,--,--,--,0.0037806858822323004,4,2,--,--,--,--,--,,Protein,Sphere,1.5840000000000001,0,,0,Globular Proteins,0.185,Sphere,0,,50,25,1000,Water,1.333,0.88722768413961262,Aqueous,
Good,F6 ,,08:58:28,2025-08-03,2265,36,36,View,--,71639.424811528996,14327881.332770571,5,5,0,100,9.9614696502685547,25.003175347421809,94.999998807907104,10.000000149011612,25,0,F6,"949-WPR3, Z=9, Corner offsets=[120,45],[-30,-60],[100,100],[-90,45]",6,6,2025-Aug-03 08:05:41,12.097324771332122,0.43563843520529155,2.0338044089247763e-07,24.194649542664244,2.2160540176302823,18.318546120889643,0.18318546120889642,1149.3576091977382,1.0023597186001814,17.40350939631869,--,8045.8874509567468,3647.1114536615351,8.033490736427666,11.204697630769871,16.826048420196518,0.78472065677373548,--,--,--,--,--,--,--,--,--,12.023072194980815,26.129193470063122,1132.9188916807027,96.401128618237152,83.330970867647466,99.999999692421369,24.046144389961629,2.0463648605887323e-07,--,--,--,--,--,--,--,--,--,--,--,--,--,--,--,--,--,--,--,8064.7184186094764,127.39611905801023,4653889715.0931082,3.5988713817628493,16.669029132352538,3.0757863445779312e-07,16129.436837218953,3.0507689393540347e-10,--,0.0026075915485752046,2,2,--,--,--,--,--,,Protein,Sphere,1.5840000000000001,0,,0,Globular Proteins,0.185,Sphere,0,,50,25,1000,Water,1.333,0.88717104216868647,Aqueous,
Caution,G1 ,,08:59:36,2025-08-03,2333,37,37,View,--,201927.81024786527,40385551.819115415,5,5,0,100,9.9614696502685547,24.999111368875749,94.999998807907104,10.000000149011612,25,0,G1,"949-WPR3, Z=9, Corner offsets=[120,45],[-30,-60],[100,100],[-90,45]",7,1,2025-Aug-03 08:05:41,925.91830902652214,0.64484502433415203,2.656925578323515e-09,1851.8366180530443,528.51076613021826,57.079632293466126,0.57079632293466132,29401222.929426506,3.2312094340380964,21724.082330746394,--,1.5578484279311752e-06,133.85496632951404,7.2623772751010129,7.8238369331063371,544.14852061009162,68.621847301440113,0.62126561241234191,4.0036633381470672,1.1053222710274633,1.4276204560194403,97.649411578442255,99.998940129260959,1.2425312248246838,3.9598136280844497e-06,--,--,--,--,--,--,--,--,--,--,554.37222336236698,3.808474526953233,8853710.5172419976,33.922616778704146,0.18575145116065461,2.5020832090417336e-10,1108.744446724734,4.4376250017897709e-09,--,--,--,--,--,--,--,--,--,--,--,--,--,--,--,--,--,--,--,0.012968414793693483,3,3,--,--,--,--,--,,Protein,Sphere,1.5840000000000001,0,,0,Globular Proteins,0.185,Sphere,0,,50,25,1000,Water,1.333,0.88725386107709447,Aqueous,
Caution,G2 ,,09:00:40,2025-08-03,2397,38,38,View,--,75068.789730984019,15013754.14291645,5,5,0,100,9.9614696502685547,24.996037009276751,94.999998807907104,10.000000149011612,25,0,G2,"949-WPR3, Z=9, Corner offsets=[120,45],[-30,-60],[100,100],[-90,45]",7,2,2025-Aug-03 08:05:41,14.126411250905603,0.45105193438100416,1.7413459723986653e-07,28.252822501811206,8.0633002680088648,57.079608718682529,0.57079608718682529,1652.0499310719426,1.0233840124564269,55.905623648630566,--,0.011756419851109288,8772.8338114863145,7.5574427028155213,11.302533801234068,82.477116462000666,6.6285732984054455,--,--,--,--,--,--,--,--,--,11.941263889111118,31.405557063765659,1114.9642428984457,89.357982176920032,95.755361814682658,99.999195121345679,23.882527778222236,2.0599971296708995e-07,--,134.30589855447479,30.379571589654436,320992.98501750873,7.6334032793426312,2.2539898282637694,0.00080331912556939021,268.61179710894959,1.8315628428065101e-08,--,1059.0105615044365,34.472969221896832,40256902.805391639,3.0086145437373291,1.9906483570535805,1.5595287627146415e-06,2118.021123008873,2.322825685634922e-09,--,--,--,--,--,--,--,--,--,--,0.0027434699432250498,5,3,--,--,--,--,--,,Protein,Sphere,1.5840000000000001,0,,0,Globular Proteins,0.185,Sphere,0,,50,25,1000,Water,1.333,0.88731652152002449,Aqueous,
Caution,G3 ,,09:01:44,2025-08-03,2461,39,39,View,--,77630.616880329355,15526119.44299327,5,5,0,100,9.9614696502685547,24.997616296388607,94.999998807907104,10.000000149011612,25,0,G3,"949-WPR3, Z=9, Corner offsets=[120,45],[-30,-60],[100,100],[-90,45]",7,3,2025-Aug-03 08:05:41,15.291571035417027,0.48299744043302384,1.6087288915954933e-07,30.583142070834054,8.7283725504442877,57.079632499684813,0.57079632499684818,1988.6561437340806,1.027653877406244,35.004498265729723,--,1.439341459326915e-07,8104.7190224026263,6.9819851772622288,12.004709809872297,52.498276794691776,3.7915361835734149,--,--,--,--,--,--,--,--,--,13.097828865159538,48.486675363401382,1384.2088030409882,84.554329563514983,98.945129983565096,99.998868014081765,26.195657730319077,1.878173274045182e-07,--,--,--,--,--,--,--,--,--,--,--,--,--,--,--,--,--,--,--,--,--,--,--,--,--,--,--,--,0.0029093630715121685,3,2,--,--,--,--,--,,Protein,Sphere,1.5840000000000001,0,,0,Globular Proteins,0.185,Sphere,0,,50,25,1000,Water,1.333,0.88728433214085067,Aqueous,
Good,G4 ,,09:02:48,2025-08-03,2525,40,40,View,--,71344.309125061263,14268858.210428745,5,5,0,100,9.9614696502685547,24.99824806523409,94.999998807907104,10.000000149011612,25,0,G4,"949-WPR3, Z=9, Corner offsets=[120,45],[-30,-60],[100,100],[-90,45]",7,4,2025-Aug-03 08:05:41,11.383355351043006,0.49821516595461718,2.161085244092196e-07,22.766710702086012,1.1456382181572207,10.064152289265493,0.10064152289265493,996.87312911309186,1.0008096624195271,16.941392742907418,--,8678.8206160453374,2768.6253775455789,8.007259320526007,10.83944435869638,15.090263834704741,0.65344719524263339,--,--,--,--,--,--,--,--,--,11.678919176363888,23.736163176659218,1058.4915239841735,100,100.00000000000001,99.999999999999986,23.357838352727775,2.1063936573158189e-07,--,--,--,--,--,--,--,--,--,--,--,--,--,--,--,--,--,--,--,--,--,--,--,--,--,--,--,--,0.0026305197503114302,2,1,--,--,--,--,--,,Protein,Sphere,1.5840000000000001,0,,0,Globular Proteins,0.185,Sphere,0,,50,25,1000,Water,1.333,0.88727145584599576,Aqueous,
Good,G5 ,,09:03:52,2025-08-03,2589,41,41,View,--,73024.922789075412,14604980.858085074,5,5,0,100,9.9614696502685547,24.997995415675639,94.999998807907104,10.000000149011612,25,0,G5,"949-WPR3, Z=9, Corner offsets=[120,45],[-30,-60],[100,100],[-90,45]",7,5,2025-Aug-03 08:05:41,11.515684429039357,0.45133870920199914,2.1362375640142908e-07,23.031368858078714,1.4520119026533991,12.608993513158701,0.12608993513158701,1024.1991863251653,1.0091884983704136,22.510809232220751,--,8560.7284129977961,3086.0533929016019,7.9866191579185912,9.6169068097854087,11.55842657967249,0.37140917473792184,--,--,--,--,--,--,--,--,--,10.111629774509511,13.742852034102066,755.54303723209978,100,100,100,20.223259549019023,2.4328657398694793e-07,--,--,--,--,--,--,--,--,--,--,--,--,--,--,--,--,--,--,--,--,--,--,--,--,--,--,--,--,0.0030089781796696306,2,1,--,--,--,--,--,,Protein,Sphere,1.5840000000000001,0,,0,Globular Proteins,0.185,Sphere,0,,50,25,1000,Water,1.333,0.88727660514395135,Aqueous,
Caution,G6 ,,09:04:56,2025-08-03,2653,42,42,View,--,75466.00325310092,15093196.827215429,5,5,0,100,9.9614696502685547,24.999364167173077,94.999998807907104,10.000000149011612,25,0,G6,"949-WPR3, Z=9, Corner offsets=[120,45],[-30,-60],[100,100],[-90,45]",7,6,2025-Aug-03 08:05:41,11.494849679125803,0.50543274566827856,2.1401866746296025e-07,22.989699358251606,6.5611887891643965,57.079378785433427,0.57079378785433432,1019.8687155051872,1.1547506911608059,279.63255026909042,--,0.1541515479693876,10782.114253399384,6.7880806374600748,7.4456591728402106,8.2836565953300543,0.20086548727954723,7.7177898104056117,5.9720673550696004,401.54539890095805,93.917659406534639,98.702909267602237,99.999999042078713,15.435579620811223,3.1875866944402422e-07,--,--,--,--,--,--,--,--,--,--,844.63585794305629,4.1476910909354707,23713736.420376878,6.0823405934653643,1.2970907323977585,9.5792129122076242e-07,1689.2717158861126,2.9126307957190665e-09,--,--,--,--,--,--,--,--,--,--,--,--,--,--,--,--,--,--,--,0.0026128047043482757,3,2,--,--,--,--,--,,Protein,Sphere,1.5840000000000001,0,,0,Globular Proteins,0.185,Sphere,0,,50,25,1000,Water,1.333,0.88724870897279984,Aqueous,
Good,H1 ,,09:06:04,2025-08-03,2721,43,43,View,--,71352.861649737431,14270568.714930674,5,5,0,100,9.9614696502685547,24.999827302134737,94.999998807907104,10.000000149011612,25,0,H1,"949-WPR3, Z=9, Corner offsets=[120,45],[-30,-60],[100,100],[-90,45]",8,1,2025-Aug-03 08:05:41,11.143847255196059,0.46431850199871327,2.2076239466022306e-07,22.287694510392118,4.4238116007047088,39.697345982932525,0.39697345982932525,948.48726265060122,1.0129435081865099,76.307608654436478,--,6559.9869556248632,7196.9215474426992,7.6033427696741285,9.171836229703862,892.08489998439097,96.434512682448414,9.3989840146217745,12.718441648885012,636.78580379140124,88.490228375940347,93.565413314298567,99.999997297447308,18.797968029243549,2.6174556760152493e-07,--,--,--,--,--,--,--,--,--,--,--,--,--,--,--,--,--,--,--,1256.0031261987863,24.260124365510887,60006340.895357288,11.50977162405964,6.4345866857014329,2.7025526775380835e-06,2512.0062523975726,1.9587072312712314e-09,--,--,--,--,--,--,--,--,--,--,0.0027555288501609318,3,2,--,--,--,--,--,,Protein,Sphere,1.5840000000000001,0,,0,Globular Proteins,0.185,Sphere,0,,50,25,1000,Water,1.333,0.88723927027718075,Aqueous,
Caution,H2 ,,09:07:09,2025-08-03,2786,44,44,View,--,72147.190207690204,14429434.386277417,5,5,0,100,9.9614696502685547,24.999048098484657,94.999998807907104,10.000000149011612,25,0,H2,"949-WPR3, Z=9, Corner offsets=[120,45],[-30,-60],[100,100],[-90,45]",8,2,2025-Aug-03 08:05:41,11.544410231240692,0.49963984551746565,2.1309810477572442e-07,23.088820462481383,4.4921076798632837,38.911538916964766,0.38911538916964766,1030.1870362272266,1.0534690765407413,138.16174805670676,--,6483.4984766264706,6810.9796466099278,7.492023325885711,8.4483166516104458,9.7744469159193788,0.27016312055474206,8.7279443094968325,7.8446023156951359,535.45684724708417,91.523089938660505,83.13553118977255,99.999999927584597,17.455888618993665,2.8186384488659725e-07,--,--,--,--,--,--,--,--,--,--,--,--,--,--,--,--,--,--,--,--,--,--,--,--,--,--,--,--,6382.3116398350758,41.233807219074855,2691945088.800323,8.4769100613394901,16.864468810227454,7.2415424063913566e-08,12764.623279670152,3.854546878714379e-10,--,0.0022389542798561192,3,2,--,--,--,--,--,,Protein,Sphere,1.5840000000000001,0,,0,Globular Proteins,0.185,Sphere,0,,50,25,1000,Water,1.333,0.88725515055450133,Aqueous,
Caution,H3 ,,09:08:13,2025-08-03,2850,45,45,View,--,80499.564441712806,16099908.809917785,5,5,0,100,9.9614696502685547,25.000501078817535,94.999998807907104,10.000000149011612,25,0,H3,"949-WPR3, Z=9, Corner offsets=[120,45],[-30,-60],[100,100],[-90,45]",8,3,2025-Aug-03 08:05:41,11.693188398693437,0.46910048445318298,2.1039480072511954e-07,23.386376797386873,3.4375828732693412,29.398165462325462,0.2939816546232546,1061.5199651288945,1.0304855492996534,27.616934664602034,--,7684.1259173485014,5250.318116833897,7.0006544277010052,9.0812156468240701,12.09714952225205,0.56121286981368146,9.593760374161338,19.455391124375499,668.09190232074468,97.542689345270091,99.598802839421822,99.999964529052335,19.187520748322676,2.5643605291730551e-07,--,--,--,--,--,--,--,--,--,--,167.29518694442788,8.1585325486841036,536642.69957251428,2.4573106547299126,0.40119716057818544,3.5470947656362356e-05,334.59037388885577,1.4705659427019916e-08,--,--,--,--,--,--,--,--,--,--,--,--,--,--,--,--,--,--,--,0.0029897142361361897,4,2,--,--,--,--,--,,Protein,Sphere,1.5840000000000001,0,,0,Globular Proteins,0.185,Sphere,0,,50,25,1000,Water,1.333,0.88722553900663681,Aqueous,
Caution,H4 ,,09:09:17,2025-08-03,2914,46,46,View,--,72481.035919190253,14496203.511663491,5,5,0,100,9.9614696502685547,24.999658876674822,94.999998807907104,10.000000149011612,25,0,H4,"949-WPR3, Z=9, Corner offsets=[120,45],[-30,-60],[100,100],[-90,45]",8,4,2025-Aug-03 08:05:41,12.808909491259319,0.51663370711237777,1.9206408628537624e-07,25.617818982518639,7.3112782327420645,57.079630687774113,0.57079630687774108,1313.8191933429507,1.0670948536271705,1539.0148775618204,--,0.00098812731314473117,9676.1200062108273,6.4969645812237413,8.2731181798738298,3072.928668554669,370.65005446594625,7.9650757360565194,13.413595231925621,432.29758361016286,69.69676208358679,75.635224139177893,99.999999324146415,15.930151472113039,3.0886479667910936e-07,--,--,--,--,--,--,--,--,--,--,--,--,--,--,--,--,--,--,--,2925.2998192437262,34.225694535532526,433834536.95004445,30.303237916413213,24.364775860822096,6.7585358568123127e-07,5850.5996384874525,8.4098439468225828e-10,--,--,--,--,--,--,--,--,--,--,0.003232314101989799,2,2,--,--,--,--,--,,Protein,Sphere,1.5840000000000001,0,,0,Globular Proteins,0.185,Sphere,0,,50,25,1000,Water,1.333,0.88724270277010875,Aqueous,
Caution,H5 ,,09:10:21,2025-08-03,2978,47,47,View,--,81412.868486429259,16282569.5725895,5,5,0,100,9.9614696502685547,24.997700671120779,94.999998807907104,10.000000149011612,25,0,H5,"949-WPR3, Z=9, Corner offsets=[120,45],[-30,-60],[100,100],[-90,45]",8,5,2025-Aug-03 08:05:41,11.047074429362873,0.47449800605017733,2.2268381482905245e-07,22.094148858725745,3.0218483344401315,27.354286003614927,0.27354286003614925,929.32718887643318,1.0234598834024864,52.978495941348022,--,8316.719268664785,5253.3293924990057,7.3983739302341274,8.6287078588913051,10.252277593160249,0.3307451949465835,8.9358061607700012,10.521104208964328,565.77190902250493,94.558129892325908,96.515997991947614,99.999999522689251,17.871612321540002,2.7529745300775671e-07,--,--,--,--,--,--,--,--,--,--,--,--,--,--,--,--,--,--,--,1704.9745140943198,14.543845651581538,122673902.15665898,5.4418701076740925,3.4840020080523697,4.7731075572527611e-07,3409.9490281886397,1.4428395593571397e-09,--,--,--,--,--,--,--,--,--,--,0.0027192917765444203,3,2,--,--,--,--,--,,Protein,Sphere,1.5840000000000001,0,,0,Globular Proteins,0.185,Sphere,0,,50,25,1000,Water,1.333,0.88728261245240803,Aqueous,
Caution,H6 ,,09:11:25,2025-08-03,3042,48,48,View,--,70656.066933361071,14131209.806957765,5,5,0,100,9.9614696502685547,24.996795314167503,94.999998807907104,10.000000149011612,25,0,H6,"949-WPR3, Z=9, Corner offsets=[120,45],[-30,-60],[100,100],[-90,45]",8,6,2025-Aug-03 08:05:41,32.246093344986953,0.57250209509679018,7.6286637789332355e-08,64.492186689973906,18.405949116973844,57.079624871318778,0.57079624871318779,11394.975400151023,1.2921788393181777,13523.062928668252,--,0.0016521606810306075,3843.2929664766452,5.5709079306539824,9.4078350409408689,1042.9628359223898,110.26893259471812,7.2932051716068376,21.263277344062619,351.75088828104896,54.303558706509321,88.91078848914249,99.999974544716906,14.586410343213675,3.3729286167717195e-07,--,61.56101587677184,11.558344387054028,51736.41320755599,1.9723606281150665,0.01669498179780584,1.9174216573450535e-05,123.12203175354368,3.9959477732696182e-08,--,871.03617739197784,35.224818693594436,25484454.529587984,43.724080665375602,11.07251652905971,6.2810665249779546e-06,1742.0723547839557,2.8241605882496104e-09,--,--,--,--,--,--,--,--,--,--,--,--,--,--,--,--,--,--,--,0.0049417576206397086,4,3,--,--,--,--,--,,Protein,Sphere,1.5840000000000001,0,,0,Globular Proteins,0.185,Sphere,0,,50,25,1000,Water,1.333,0.88730106533354158,Aqueous,
