Data Quality,Item,Series,Time Stamp,Date,Time (s),Measurement,Measurement ID,Image,Bubble Detection,Intensity (Cnt/s),Normalized Intensity (Cnt/s),Number Acqs,Number Unmarked Acqs,Number Marked Acqs,% Acqs Unmarked,Acq Time (s),DLS Temp (C),Attenuation Level (%),Laser Power (%),Set Temp (C),Ramp Rate (C/min),Well,Insert Info,Row,Col,Configuration,Radius (nm),Amplitude,Diffusion Coefficient (cm²/s),Diameter (nm),Polydispersity (nm),%PD,PD Index,Mw-R (kDa),Baseline,SOS,Viscosity from Sample Rh (cP),Lambda (1/s),Sigma (1/s²),D10 (nm),D50 (nm),D90 (nm),Span (D90 - D10)/D50,Range1 Radius (I) (nm),Range1 %Pd (I),Range1 Mw-R (I) (kDa),Range1 %Intensity (I),Range1 %Mass (I),Range1 %Number (I),Range1 Diameter (I) (nm),Range1 Diffusion Coefficient (I) (cm²/s),Range1 Particle Concentration (I) (1/mL),Range2 Radius (I) (nm),Range2 %Pd (I),Range2 Mw-R (I) (kDa),Range2 %Intensity (I),Range2 %Mass (I),Range2 %Number (I),Range2 Diameter (I) (nm),Range2 Diffusion Coefficient (I) (cm²/s),Range2 Particle Concentration (I) (1/mL),Range3 Radius (I) (nm),Range3 %Pd (I),Range3 Mw-R (I) (kDa),Range3 %Intensity (I),Range3 %Mass (I),Range3 %Number (I),Range3 Diameter (I) (nm),Range3 Diffusion Coefficient (I) (cm²/s),Range3 Particle Concentration (I) (1/mL),Range4 Radius (I) (nm),Range4 %Pd (I),Range4 Mw-R (I) (kDa),Range4 %Intensity (I),Range4 %Mass (I),Range4 %Number (I),Range4 Diameter (I) (nm),Range4 Diffusion Coefficient (I) (cm²/s),Range4 Particle Concentration (I) (1/mL),Range5 Radius (I) (nm),Range5 %Pd (I),Range5 Mw-R (I) (kDa),Range5 %Intensity (I),Range5 %Mass (I),Range5 %Number (I),Range5 Diameter (I) (nm),Range5 Diffusion Coefficient (I) (cm²/s),Range5 Particle Concentration (I) (1/mL),RMS Error,Number Unfiltered Peaks (I),Number Filtered Peaks (I),Pre-correction Internal Standard Rh (I) (nm),Internal Standard Viscosity (I) (cP),Mw-S (Da),1/Mw-S (1/Da),Particle Concentration (1/mL),Particle Concentration Calculation,Particle Material,Particle Shape,Particle Core Real RI,Particle Core Imaginary RI,Sample,Concentration (mg/mL),Mw-R Model,dn/dc (mL/g),Conformation Model for SLS,A2 (mol mL/g^2),Viscosity Calculation: Use Internal Standard,Internal Standard Rh (nm),Internal Standard Rh Range Minimum (nm),Internal Standard Rh Range Maximum (nm),Solvent,Rfr Idx @ 589nm & 20C,Viscosity (cP),Temp Model,
Good,A1 ,,08:14:13,2025-08-26,0,1,1,View,--,1822072.0023865676,58776514.878134392,5,5,0,100,9.9614696502685547,25.042234813124917,68.999999761581421,10.000000149011612,25,0,A1,"949-WPR3, Z=9, Corner offsets=[120,45],[-30,-60],[100,100],[-90,45]",1,1,2025-Aug-26 08:11:09,55.981009466201812,0.2695561262669729,4.399509100632419e-08,111.96201893240362,9.1708596887570586,16.38209059858756,0.16382090598587559,41423.266886956088,1.0000737555502548,0.75240569955933012,--,1750.7706398868625,737.33618509009239,36.448290061750313,57.087921383511343,94.890864817353389,1.0237292467348968,--,--,--,--,--,--,--,--,--,64.273490548997955,36.387742118843256,57228.407971157052,99.999999999999986,100,100,128.54698109799591,3.8318902319672467e-08,--,--,--,--,--,--,--,--,--,--,--,--,--,--,--,--,--,--,--,--,--,--,--,--,--,--,--,--,0.00043413764630784006,3,1,--,--,--,--,--,,Protein,Sphere,1.5840000000000001,0,,0,Globular Proteins,0.185,Sphere,0,,50,25,1000,Water,1.333,0.8863757296767063,Aqueous,
Good,A2 ,,08:15:18,2025-08-26,65,2,2,View,--,1556662.9205462751,64860941.813881934,5,5,0,100,9.9614696502685547,25.023578357709233,83.99999737739563,15.000000596046448,25,0,A2,"949-WPR3, Z=9, Corner offsets=[120,45],[-30,-60],[100,100],[-90,45]",1,2,2025-Aug-26 08:11:09,54.226196910620239,0.31815259885206587,4.5396524077410811e-08,108.45239382124048,10.822733994592985,19.958497204647859,0.1995849720464786,38448.660930015954,1.0001754151818048,0.62962482703900191,--,1784.3404050103422,859.333949787591,32.22090501421804,56.50661916119406,86.318181572758803,0.95736176330457379,--,--,--,--,--,--,--,--,--,60.33283592301413,35.052282397120059,49353.538691879054,100,100,100,120.66567184602826,4.08016765003479e-08,--,--,--,--,--,--,--,--,--,--,--,--,--,--,--,--,--,--,--,--,--,--,--,--,--,--,--,--,0.00052080720684356634,3,1,--,--,--,--,--,,Protein,Sphere,1.5840000000000001,0,,0,Globular Proteins,0.185,Sphere,0,,50,25,1000,Water,1.333,0.88675545290009294,Aqueous,
Good,A3 ,,08:16:23,2025-08-26,130,3,3,View,--,1600105.8966238541,66671075.383246928,5,5,0,100,9.9614696502685547,25.01313437527768,87.999999523162842,20.000000298023224,25,0,A3,"949-WPR3, Z=9, Corner offsets=[120,45],[-30,-60],[100,100],[-90,45]",1,3,2025-Aug-26 08:11:09,53.42889207646239,0.36473924460927554,4.606130143928041e-08,106.85778415292478,9.6146228928734843,17.995175492529292,0.17995175492529292,37138.925669113152,1.0002642375748458,0.65509979348887593,--,1824.2437381769257,816.96512296532899,38.119543358157053,51.733581446034862,72.551438445312513,0.66556179032516039,--,--,--,--,--,--,--,--,--,54.297619302413707,22.035781611939822,38567.256449428918,95.21332238151183,40.786395893197721,99.984874507501473,108.59523860482741,4.5324350038148275e-08,--,--,--,--,--,--,--,--,--,--,1016.5662242060067,10.202960343994985,36582612.102564648,4.7866776184881576,59.213604106802293,0.015125492498520849,2033.1324484120134,2.4208991454766194e-09,--,--,--,--,--,--,--,--,--,--,0.00042583761845922847,4,2,--,--,--,--,--,,Protein,Sphere,1.5840000000000001,0,,0,Globular Proteins,0.185,Sphere,0,,50,25,1000,Water,1.333,0.88696814508261379,Aqueous,
Good,A4 ,,08:17:28,2025-08-26,195,4,4,View,--,1637564.9736239361,52486049.968424521,5,5,0,100,9.9614696502685547,25.007344105873681,84.399998188018799,20.000000298023224,25,0,A4,"949-WPR3, Z=9, Corner offsets=[120,45],[-30,-60],[100,100],[-90,45]",1,4,2025-Aug-26 08:11:09,56.848929885237276,0.36440236276866539,4.3283651191723615e-08,113.69785977047455,7.9523009902001114,13.988479653449366,0.13988479653449365,42941.56625759184,0.99990005713802577,0.88432959615703843,--,1731.1653456595157,662.28171052710923,37.417857517954936,59.229284101352675,90.978352490590012,0.9042907707778941,--,--,--,--,--,--,--,--,--,64.444805788853174,32.50798016236098,57585.951987217552,100,100,100,128.88961157770635,3.8181963955906131e-08,--,--,--,--,--,--,--,--,--,--,--,--,--,--,--,--,--,--,--,--,--,--,--,--,--,--,--,--,0.00049105744366604643,4,1,--,--,--,--,--,,Protein,Sphere,1.5840000000000001,0,,0,Globular Proteins,0.185,Sphere,0,,50,25,1000,Water,1.333,0.88708610166643864,Aqueous,
Good,A5 ,,08:18:32,2025-08-26,259,5,5,View,--,1153790.1752949152,49307264.762036726,5,5,0,100,9.9614696502685547,25.006881162283058,84.399998188018799,15.000000596046448,25,0,A5,"949-WPR3, Z=9, Corner offsets=[120,45],[-30,-60],[100,100],[-90,45]",1,5,2025-Aug-26 08:11:09,54.83868354544537,0.35609231935666735,4.4869772716299981e-08,109.67736709089074,6.7700118874432755,12.345321677594427,0.12345321677594427,39472.484981049267,0.99983581975300573,0.68832121627347909,--,1798.6501338374903,640.7807633761571,39.471890748911612,57.215878838144853,79.559458584527903,0.70063710720966133,--,--,--,--,--,--,--,--,--,10.0721324521599,8.3038219358742591,748.65576850444313,1.4137026234596763,39.38053074229471,99.103512200480836,20.144264904319801,2.4429774711884117e-07,--,--,--,--,--,--,--,--,--,--,--,--,--,--,--,--,--,--,--,--,--,--,--,--,--,--,--,--,0.00056927488713860849,3,2,--,--,--,--,--,,Protein,Sphere,1.5840000000000001,0,,0,Globular Proteins,0.185,Sphere,0,,50,25,1000,Water,1.333,0.88709553368519878,Aqueous,
Good,A6 ,,08:19:36,2025-08-26,323,6,6,View,--,1589293.4338166097,50938885.433772013,5,5,0,100,9.9614696502685547,25.001680406620686,84.399998188018799,20.000000298023224,25,0,A6,"949-WPR3, Z=9, Corner offsets=[120,45],[-30,-60],[100,100],[-90,45]",1,6,2025-Aug-26 08:11:09,53.51432112218648,0.3797854936746819,4.5973907011874044e-08,107.02864224437296,6.4820876244740724,12.112809222925312,0.12112809222925312,37278.017773504391,0.99973508611651785,0.72189306410572174,--,1843.3715055936309,649.81813640193832,39.217811777339321,55.433573696529244,76.453272781459276,0.67171316083580057,8.4227259098752807,6.2143365226133236,492.66624824757127,1.1821780004213129,49.400020786509103,99.584701674953109,16.845451819750561,2.920981223181461e-07,--,59.291678032015461,23.956860844977914,47383.748445837569,98.817821999578698,50.59997921349089,0.41529832504689984,118.58335606403092,4.1494228275113278e-08,--,--,--,--,--,--,--,--,--,--,--,--,--,--,--,--,--,--,--,--,--,--,--,--,--,--,--,--,0.00054236758277351194,3,2,--,--,--,--,--,,Protein,Sphere,1.5840000000000001,0,,0,Globular Proteins,0.185,Sphere,0,,50,25,1000,Water,1.333,0.88720150570002076,Aqueous,
Good,B1 ,,08:20:44,2025-08-26,391,7,7,View,--,919146.20375169371,58919620.723980963,5,5,0,100,9.9614696502685547,24.982244919978335,84.399998188018799,10.000000149011612,25,0,B1,"949-WPR3, Z=9, Corner offsets=[120,45],[-30,-60],[100,100],[-90,45]",2,1,2025-Aug-26 08:11:09,54.123203216170282,0.37404741435550015,4.5433449198850574e-08,108.24640643234056,7.4808879045772558,13.821960748883034,0.13821960748883033,38278.010010720456,1.0000665280765972,0.77748425943494714,--,1817.6379202763926,690.52230355247468,35.855835301939607,54.499926731370671,83.196102157302192,0.86862991740708306,--,--,--,--,--,--,--,--,--,59.532725816275047,31.236282347501721,47835.707683187233,100,100,100.00000000000001,119.06545163255009,4.1305076663039282e-08,--,--,--,--,--,--,--,--,--,--,--,--,--,--,--,--,--,--,--,--,--,--,--,--,--,--,--,--,0.00046769892124341495,3,1,--,--,--,--,--,,Protein,Sphere,1.5840000000000001,0,,0,Globular Proteins,0.185,Sphere,0,,50,25,1000,Water,1.333,0.88759771956301126,Aqueous,
Good,B2 ,,08:21:49,2025-08-26,456,8,8,View,--,1405442.1020277129,60061618.928832352,5,5,0,100,9.9614696502685547,24.966894262324921,84.399998188018799,15.000000596046448,25,0,B2,"949-WPR3, Z=9, Corner offsets=[120,45],[-30,-60],[100,100],[-90,45]",2,2,2025-Aug-26 08:11:09,53.286964446817976,0.37680985071561934,4.6127790208688881e-08,106.57392889363595,10.221945095704593,19.182824921292724,0.19182824921292724,36908.502806911973,1.0002490587521404,1.0251542234305091,--,1818.9677650997103,851.38588078632563,35.964158927428279,48.998654732001192,189.55349894943694,3.1345623846627553,--,--,--,--,--,--,--,--,--,50.922958042249107,23.552500510007402,33190.603797993688,88.338094233434617,37.674216312308445,98.651727039497459,101.84591608449821,4.8269189602484455e-08,--,242.49923048446036,16.617267575785682,1279157.345105188,11.661905766565363,62.325783687691548,1.3482729605025396,484.99846096892071,1.0136155533154136e-08,--,--,--,--,--,--,--,--,--,--,--,--,--,--,--,--,--,--,--,0.00057990118851015233,3,2,--,--,--,--,--,,Protein,Sphere,1.5840000000000001,0,,0,Globular Proteins,0.185,Sphere,0,,50,25,1000,Water,1.333,0.88791087292755277,Aqueous,
Good,B3 ,,08:22:54,2025-08-26,521,9,9,View,--,1210439.5268525456,63043734.59458112,5,5,0,100,9.9614696502685547,24.9768118507723,92.320001125335693,25,25,0,B3,"949-WPR3, Z=9, Corner offsets=[120,45],[-30,-60],[100,100],[-90,45]",2,3,2025-Aug-26 08:11:09,53.382195611278,0.36071417941734274,4.6057528881789822e-08,106.764391222556,10.580134202240734,19.819593557529657,0.19819593557529658,37063.022206547859,0.99987977983802645,0.82030487110715644,--,1811.4170223028848,867.94422172572445,30.122315310656663,56.604542843149297,107.73141713338093,1.3710754989714946,--,--,--,--,--,--,--,--,--,65.934058691428973,47.457047440741988,60747.973056901079,100,100,100,131.86811738285795,3.7289559674253764e-08,--,--,--,--,--,--,--,--,--,--,--,--,--,--,--,--,--,--,--,--,--,--,--,--,--,--,--,--,0.00051574875206077716,3,1,--,--,--,--,--,,Protein,Sphere,1.5840000000000001,0,,0,Globular Proteins,0.185,Sphere,0,,50,25,1000,Water,1.333,0.88770853262908733,Aqueous,
Good,C1 ,,08:24:00,2025-08-26,587,10,10,View,--,1640320.0490812077,60617883.314040072,5,5,0,100,9.9614696502685547,24.993615002751945,89.175999164581299,25,25,0,C1,"949-WPR3, Z=9, Corner offsets=[120,45],[-30,-60],[100,100],[-90,45]",3,1,2025-Aug-26 08:11:09,56.974334477820406,0.3079480300580073,4.3172774277765985e-08,113.94866895564081,10.022901057616821,17.591958114962527,0.17591958114962528,43163.533675661827,1.0001246355477618,1.2159783689271835,--,1712.0879001407764,755.18863642630913,39.167168943103185,59.359244926978377,85.409282300720861,0.7790212529573628,9.7108588684359454,9.5301253925887686,687.32808348599656,1.8926666141960025,36.557510101582082,99.446809819383901,19.421717736871891,2.5329789211868673e-07,--,64.053228394561359,27.571298637297925,56770.581791149474,98.107333385804012,63.442489898417925,0.55319018061609804,128.10645678912272,3.8401500497135483e-08,--,--,--,--,--,--,--,--,--,--,--,--,--,--,--,--,--,--,--,--,--,--,--,--,--,--,--,--,0.0005585843772625015,4,2,--,--,--,--,--,,Protein,Sphere,1.5840000000000001,0,,0,Globular Proteins,0.185,Sphere,0,,50,25,1000,Water,1.333,0.88736589126035792,Aqueous,
Good,C2 ,,08:25:05,2025-08-26,652,11,11,View,--,1589919.9155503251,60665446.158440977,5,5,0,100,9.9614696502685547,24.994983578983827,89.51680064201355,25,25,0,C2,"949-WPR3, Z=9, Corner offsets=[120,45],[-30,-60],[100,100],[-90,45]",3,2,2025-Aug-26 08:11:09,53.325217083922674,0.32566824930696198,4.6128808214558025e-08,106.65043416784535,7.4081483659378407,13.892392325902723,0.13892392325902722,36970.526037213138,1.0004546985432217,1.0997081618778319,--,1845.2487936983521,703.09008270586151,44.648936124447907,50.863375833092775,57.879794822802062,0.26012545336689746,--,--,--,--,--,--,--,--,--,53.138198897506797,9.444432596532252,36667.859477496509,100.00000000000001,100,100,106.27639779501359,4.629115707531735e-08,--,--,--,--,--,--,--,--,--,--,--,--,--,--,--,--,--,--,--,--,--,--,--,--,--,--,--,--,0.00055890142097122185,4,1,--,--,--,--,--,,Protein,Sphere,1.5840000000000001,0,,0,Globular Proteins,0.185,Sphere,0,,50,25,1000,Water,1.333,0.88733799387595769,Aqueous,
Good,C3 ,,08:26:10,2025-08-26,717,12,12,View,--,981962.26617533248,52038828.39454741,5,5,0,100,9.9614696502685547,25.000226696804152,81.130200624465942,10.000000149011612,25,0,C3,"949-WPR3, Z=9, Corner offsets=[120,45],[-30,-60],[100,100],[-90,45]",3,3,2025-Aug-26 08:11:09,54.694703107493034,0.35947950980474519,4.4980009631555643e-08,109.38940621498607,8.7860264193829245,16.063761059485962,0.16063761059485962,39230.423673517922,0.99997565587677939,0.78641835062918253,--,1791.4067292463724,745.16185309927835,34.186943816706091,55.697181722619497,91.407495873369882,1.0273509410517558,--,--,--,--,--,--,--,--,--,61.998304744057037,36.602640319509533,52600.3879574112,100,99.999999999999986,100,123.99660948811407,3.968121842566893e-08,--,--,--,--,--,--,--,--,--,--,--,--,--,--,--,--,--,--,--,--,--,--,--,--,--,--,--,--,0.00047547980600698761,3,1,--,--,--,--,--,,Protein,Sphere,1.5840000000000001,0,,0,Globular Proteins,0.185,Sphere,0,,50,25,1000,Water,1.333,0.88723113074686466,Aqueous,
Good,D1 ,,08:27:16,2025-08-26,783,13,13,View,--,1509611.7931904881,53334314.907492474,5,5,0,100,9.9614696502685547,25.006943857613656,81.130200624465942,15.000000596046448,25,0,D1,"949-WPR3, Z=9, Corner offsets=[120,45],[-30,-60],[100,100],[-90,45]",4,1,2025-Aug-26 08:11:09,53.966967602980468,0.33107805969735693,4.5594619020243856e-08,107.93393520596094,10.212229904502019,18.923112337217965,0.18923112337217965,38019.971654916953,1.0000594124434625,0.64309081962782677,--,1799.7627654471416,834.34956421872005,32.861623756988564,54.306791133172837,94.303386014782006,1.1313826682766803,--,--,--,--,--,--,--,--,--,59.843342156911618,37.722185256805339,48421.732066026918,97.031624620288767,78.54237721900121,99.994552158793496,119.68668431382324,4.1117411542355665e-08,--,956.75264277537235,15.55551789191218,31743420.813863792,2.96837537971123,21.457622780998779,0.0054478412065202195,1913.5052855507447,2.5718280959203382e-09,--,--,--,--,--,--,--,--,--,--,--,--,--,--,--,--,--,--,--,0.00046496083944177612,4,2,--,--,--,--,--,,Protein,Sphere,1.5840000000000001,0,,0,Globular Proteins,0.185,Sphere,0,,50,25,1000,Water,1.333,0.8870942563197145,Aqueous,
Good,D2 ,,08:28:20,2025-08-26,847,14,14,View,--,1449687.8049313149,51217211.109851204,5,5,0,100,9.9614696502685547,24.999552966543039,81.130200624465942,15.000000596046448,25,0,D2,"949-WPR3, Z=9, Corner offsets=[120,45],[-30,-60],[100,100],[-90,45]",4,2,2025-Aug-26 08:11:09,51.447411954256303,0.34189021354524324,4.7818238956416858e-08,102.89482390851261,7.594509662181177,14.761694269351628,0.14761694269351627,33995.93975644069,0.99998464639998075,0.86533295946535527,--,1909.8869692770577,754.30903232069954,34.138989185036579,53.157702947533004,77.957699841041688,0.82431535273927203,--,--,--,--,--,--,--,--,--,10.545756465222249,9.8434695420931035,833.63501607098669,1.1020351816213749,29.155641662127927,97.321005624895278,21.091512930444498,2.3328100232836152e-07,--,--,--,--,--,--,--,--,--,--,--,--,--,--,--,--,--,--,--,--,--,--,--,--,--,--,--,--,0.00051606028310499305,4,2,--,--,--,--,--,,Protein,Sphere,1.5840000000000001,0,,0,Globular Proteins,0.185,Sphere,0,,50,25,1000,Water,1.333,0.88724486121892487,Aqueous,
Good,D3 ,,08:29:24,2025-08-26,911,15,15,View,--,1327286.7413737155,46892803.40567182,5,5,0,100,9.9614696502685547,24.99812122034249,81.130200624465942,15.000000596046448,25,0,D3,"949-WPR3, Z=9, Corner offsets=[120,45],[-30,-60],[100,100],[-90,45]",4,3,2025-Aug-26 08:11:09,50.995248011253601,0.37715262860973359,4.8240414719997686e-08,101.9904960225072,9.3613587745098439,18.357315906070276,0.18357315906070276,33300.953504724814,0.99961798744911512,1.0144798281903336,--,1908.1674862490638,866.2032198190725,34.635845790861516,56.581523393087267,83.106069688345301,0.85664402424706609,--,--,--,--,--,--,--,--,--,14.048825373386828,12.567483749942134,1630.8978596004956,4.3797926022461944,36.215553786049853,97.64781300256746,28.097650746773656,1.7510587877845884e-07,--,--,--,--,--,--,--,--,--,--,--,--,--,--,--,--,--,--,--,--,--,--,--,--,--,--,--,--,0.00048596822183756734,3,2,--,--,--,--,--,,Protein,Sphere,1.5840000000000001,0,,0,Globular Proteins,0.185,Sphere,0,,50,25,1000,Water,1.333,0.88727404108906394,Aqueous,
Good,E1 ,,08:30:29,2025-08-26,976,16,16,View,--,1700635.6624837271,45062366.67643822,5,5,0,100,9.9614696502685547,25.000942910488028,81.130200624465942,20.000000298023224,25,0,E1,"949-WPR3, Z=9, Corner offsets=[120,45],[-30,-60],[100,100],[-90,45]",5,1,2025-Aug-26 08:11:09,52.11904957911829,0.34502112089218984,4.720375137885876e-08,104.23809915823658,9.6261998138054352,18.469638052767202,0.18469638052767201,35043.46478987702,0.99972725738870738,1.6737946871903691,--,1866.4152161857544,850.80417135888831,42.502777795331319,55.870854063550055,71.221219418160459,0.5140147238516074,--,--,--,--,--,--,--,--,--,11.978760982349286,7.117647141174861,1123.1734255216752,4.3652938551212772,60.456707675417043,99.393374811186561,23.957521964698572,2.0538139646164086e-07,--,--,--,--,--,--,--,--,--,--,--,--,--,--,--,--,--,--,--,--,--,--,--,--,--,--,--,--,0.00054184357002912478,4,2,--,--,--,--,--,,Protein,Sphere,1.5840000000000001,0,,0,Globular Proteins,0.185,Sphere,0,,50,25,1000,Water,1.333,0.88721653486940277,Aqueous,
Good,E2 ,,08:31:34,2025-08-26,1041,17,17,View,--,1439710.4856193748,38148536.598452047,5,5,0,100,9.9614696502685547,24.994731221218842,81.130200624465942,20.000000298023224,25,0,E2,"949-WPR3, Z=9, Corner offsets=[120,45],[-30,-60],[100,100],[-90,45]",5,2,2025-Aug-26 08:11:09,48.690182303944965,0.34800716428806361,5.0519678763154148e-08,97.380364607889931,7.3199900181154742,15.033811071852149,0.15033811071852149,29885.054112912669,0.99980762902695119,0.96147027079186687,--,2016.6940939135029,805.30820119443626,35.153526120685783,51.656778200642833,72.834833901682558,0.72945524466579792,8.6095224552968705,8.715340507789989,518.61212855633198,1.9687487361560199,60.191841444636481,99.608547102706694,17.219044910593741,2.8570834000222076e-07,--,55.616928351976206,25.899604548817635,40795.662971962069,98.031251263843998,39.808158555363519,0.3914528972933155,111.23385670395241,4.422776377270589e-08,--,--,--,--,--,--,--,--,--,--,--,--,--,--,--,--,--,--,--,--,--,--,--,--,--,--,--,--,0.00040980023130118051,3,2,--,--,--,--,--,,Protein,Sphere,1.5840000000000001,0,,0,Globular Proteins,0.185,Sphere,0,,50,25,1000,Water,1.333,0.88734313788436692,Aqueous,
Good,E3 ,,08:32:39,2025-08-26,1106,18,18,View,--,1003590.6832337342,35456679.511418886,5,5,0,100,9.9614696502685547,24.995194574078216,81.130200624465942,15.000000596046448,25,0,E3,"949-WPR3, Z=9, Corner offsets=[120,45],[-30,-60],[100,100],[-90,45]",5,3,2025-Aug-26 08:11:09,48.742341180001233,0.34280687460793613,5.0466233599183234e-08,97.484682360002466,7.6051955720996984,15.602852444067821,0.15602852444067822,29960.014391695113,0.99996636172123488,1.2329694120612609,--,2012.0953930904732,821.92948394418215,37.631188796717169,51.373378365572329,67.057326466581287,0.57278961606278034,--,--,--,--,--,--,--,--,--,11.15881409330022,7.7154926578248419,951.47055472815475,3.3438020440929717,57.370281477776473,99.1806889967405,22.317628186600441,2.2043940830934049e-07,--,--,--,--,--,--,--,--,--,--,--,--,--,--,--,--,--,--,--,--,--,--,--,--,--,--,--,--,0.00049932367334090276,4,2,--,--,--,--,--,,Protein,Sphere,1.5840000000000001,0,,0,Globular Proteins,0.185,Sphere,0,,50,25,1000,Water,1.333,0.88733369303474785,Aqueous,
Good,F1 ,,08:33:44,2025-08-26,1171,19,19,View,--,1448482.4842588906,76761942.925205305,5,5,0,100,9.9614696502685547,24.999953451648413,81.130200624465942,10.000000149011612,25,0,F1,"949-WPR3, Z=9, Corner offsets=[120,45],[-30,-60],[100,100],[-90,45]",6,1,2025-Aug-26 08:11:09,57.667824651456876,0.35526969445229045,4.2660714023996234e-08,115.33564930291375,8.3855117366000993,14.541057838199993,0.14541057838199994,44402.868041890062,1.0004049132057795,0.55906527280515772,--,1704.6036361149099,667.20036858908566,37.745505125874111,55.689895044244643,83.244931425160388,0.817014042909181,--,--,--,--,--,--,--,--,--,60.643412336855071,29.42436200988514,49950.034922951847,100,100,99.999999999999986,121.28682467371014,4.056748261750839e-08,--,--,--,--,--,--,--,--,--,--,--,--,--,--,--,--,--,--,--,--,--,--,--,--,--,--,--,--,0.00047487461437339224,3,1,--,--,--,--,--,,Protein,Sphere,1.5840000000000001,0,,0,Globular Proteins,0.185,Sphere,0,,50,25,1000,Water,1.333,0.88723669937831551,Aqueous,
Good,F2 ,,08:34:49,2025-08-26,1236,20,20,View,--,1410684.5671051512,73074671.226804301,5,5,0,100,9.9614696502685547,24.995363106592229,87.130200862884521,15.000000596046448,25,0,F2,"949-WPR3, Z=9, Corner offsets=[120,45],[-30,-60],[100,100],[-90,45]",6,2,2025-Aug-26 08:11:09,54.95919680906006,0.35482959757925153,4.4757810036797012e-08,109.91839361812012,7.830623869443218,14.248068247155196,0.14248068247155196,39675.748797561981,1.0001989743859416,0.69743781280959838,--,1789.338528735502,691.96915639359167,34.567575173683665,53.562151585450209,90.013526295611712,1.0351703484777404,--,--,--,--,--,--,--,--,--,60.72030119731766,37.019930665215718,50098.342415982406,100.00000000000001,100,100,121.44060239463532,4.0511216875576291e-08,--,--,--,--,--,--,--,--,--,--,--,--,--,--,--,--,--,--,--,--,--,--,--,--,--,--,--,--,0.0005291471669155789,3,1,--,--,--,--,--,,Protein,Sphere,1.5840000000000001,0,,0,Globular Proteins,0.185,Sphere,0,,50,25,1000,Water,1.333,0.88733025775952556,Aqueous,
Good,F3 ,,08:35:53,2025-08-26,1300,21,21,View,--,1646743.4125840021,85302722.008521155,5,5,0,100,9.9614696502685547,24.998016320119252,87.130200862884521,15.000000596046448,25,0,F3,"949-WPR3, Z=9, Corner offsets=[120,45],[-30,-60],[100,100],[-90,45]",6,3,2025-Aug-26 08:11:09,59.20061432067304,0.36115200143475462,4.1554047155374405e-08,118.40122864134608,6.854397382226332,11.57825380847907,0.11578253808479071,47213.645133938939,1.0000332637165668,0.95072110391458087,--,1667.0136051676463,573.25582224186178,47.078942459349122,58.696385759937314,73.19543130466522,0.44494202679071376,8.6520949918648498,3.9014131848194591,524.6323007082392,1.2362610122157576,36.992718079734317,99.72221529228797,17.3041899837297,2.8432710475571807e-07,--,61.792922213152011,15.630132857827498,52193.582395263547,97.076245165157772,33.390509878924234,0.277773487527052,123.58584442630402,3.9810791123012928e-08,--,--,--,--,--,--,--,--,--,--,1654.0272452841837,6.0468540458966045,114268038.10516188,1.6874938226264673,29.616772041341445,1.1220184978363694e-05,3308.0544905683673,1.4872941942898387e-09,--,--,--,--,--,--,--,--,--,--,0.00048665243677626106,4,3,--,--,--,--,--,,Protein,Sphere,1.5840000000000001,0,,0,Globular Proteins,0.185,Sphere,0,,50,25,1000,Water,1.333,0.88727617908462753,Aqueous,
Good,G1 ,,08:36:59,2025-08-26,1366,22,22,View,--,805936.06467413611,25048908.878457334,5,5,0,100,9.9614696502685547,25.002648799961854,87.130200862884521,25,25,0,G1,"949-WPR3, Z=9, Corner offsets=[120,45],[-30,-60],[100,100],[-90,45]",7,1,2025-Aug-26 08:11:09,48.275595271766427,0.334805171550283,5.0964159608437921e-08,96.551190543532854,9.0479131095254708,18.742209305945245,0.18742209305945245,29293.049395511247,1.0000528850595614,1.681657825458035,--,2013.0908244411398,927.01052485859577,38.174750246703674,49.573389708266951,63.01618313936838,0.50110418187768391,8.7232728350778768,6.7444841439355985,534.78651596622058,2.7586935737968536,69.350418931491575,99.749878768251349,17.446545670155754,2.8204152147222051e-07,--,52.617566989554568,17.587411648678305,35832.77279427692,97.241306426203153,30.649581068508422,0.25012123174863832,105.23513397910914,4.675862612786846e-08,--,--,--,--,--,--,--,--,--,--,--,--,--,--,--,--,--,--,--,--,--,--,--,--,--,--,--,--,0.00057684815374545965,4,2,--,--,--,--,--,,Protein,Sphere,1.5840000000000001,0,,0,Globular Proteins,0.185,Sphere,0,,50,25,1000,Water,1.333,0.88718177181817304,Aqueous,
Good,G2 ,,08:38:04,2025-08-26,1431,23,23,View,--,1302384.1959051259,20822438.766828496,5,5,0,100,9.9614696502685547,24.998753280034055,58.301901817321777,15.000000596046448,25,0,G2,"949-WPR3, Z=9, Corner offsets=[120,45],[-30,-60],[100,100],[-90,45]",7,2,2025-Aug-26 08:11:09,46.054662276937378,0.31345689443707209,5.3416369282707068e-08,92.109324553874757,7.2417766169806388,15.72430728822666,0.1572430728822666,26236.520077113117,1.000509554224708,0.90353479649470103,--,2129.1248914072839,873.9183607361349,38.630112958295243,44.571290262872751,51.580217707950084,0.29054812354045972,4.7534502669275076,2.3949138814750834,129.19455459315679,1.2314630212296227,84.600418585316945,99.978824390265032,9.5069005338550152,5.1753415082332727e-07,--,46.737962321345641,10.423650490333285,27156.387362445315,98.768536978770385,15.39958141468305,0.021175609734960334,93.475924642691282,5.2635432209497691e-08,--,--,--,--,--,--,--,--,--,--,--,--,--,--,--,--,--,--,--,--,--,--,--,--,--,--,--,--,0.00038237134134686934,4,2,--,--,--,--,--,,Protein,Sphere,1.5840000000000001,0,,0,Globular Proteins,0.185,Sphere,0,,50,25,1000,Water,1.333,0.88726115912117121,Aqueous,
Good,G3 ,,08:39:10,2025-08-26,1497,24,24,View,--,1884838.6772772607,24129579.772506859,5,5,0,100,9.9614696502685547,24.999427159034042,60.943400859832764,20.000000298023224,25,0,G3,"949-WPR3, Z=9, Corner offsets=[120,45],[-30,-60],[100,100],[-90,45]",7,3,2025-Aug-26 08:11:09,46.813683066429185,0.34791279167937106,5.2551227109356766e-08,93.62736613285837,8.4771250264783227,18.108220655164388,0.18108220655164387,27259.441874761636,1.0008458779363612,1.0403739478651328,--,2080.4804700881859,935.67321139517401,34.941172869610668,44.976730418020431,57.851272643190434,0.5093767279357545,--,--,--,--,--,--,--,--,--,47.621680492161929,18.65428225969368,28373.057223926811,100,100,100,95.243360984323857,5.1659590027577476e-08,--,--,--,--,--,--,--,--,--,--,--,--,--,--,--,--,--,--,--,--,--,--,--,--,--,--,--,--,0.00045332618067300454,4,1,--,--,--,--,--,,Protein,Sphere,1.5840000000000001,0,,0,Globular Proteins,0.185,Sphere,0,,50,25,1000,Water,1.333,0.88724742518794497,Aqueous,
Good,H1 ,,08:40:16,2025-08-26,1563,25,25,View,--,1732152.7626452721,54841168.5136014,5,5,0,100,9.9614696502685547,25.003491080737223,78.943401575088501,15.000000596046448,25,0,H1,"949-WPR3, Z=9, Corner offsets=[120,45],[-30,-60],[100,100],[-90,45]",8,1,2025-Aug-26 08:11:09,52.334625977735804,0.32531925379579502,4.7012463524924724e-08,104.66925195547161,8.2269038678161568,15.719810190897412,0.15719810190897412,35383.553932792463,1.0002809263531187,0.64189827967436541,--,1873.8909123060457,769.01888609036871,35.862282126973611,51.415930822910262,76.855794747608556,0.79729204479108207,--,--,--,--,--,--,--,--,--,55.596718167870605,27.858299113865264,40760.985272905018,98.361006582622664,31.393072352460113,99.999859647354114,111.19343633574121,4.4254045489518444e-08,--,--,--,--,--,--,--,--,--,--,--,--,--,--,--,--,--,--,--,5556.0849093684064,18.173530213671274,1946206277.3633006,1.6389934173773408,68.606927647539877,0.00014035264588497181,11112.169818736813,4.4282615096833865e-10,--,0.00043131245769685453,4,2,--,--,--,--,--,,Protein,Sphere,1.5840000000000001,0,,0,Globular Proteins,0.185,Sphere,0,,50,25,1000,Water,1.333,0.88716460846185363,Aqueous,
Good,H2 ,,08:41:20,2025-08-26,1627,26,26,View,--,1591977.4311561205,50403119.433041871,5,5,0,100,9.9614696502685547,25.000121944372403,78.943401575088501,15.000000596046448,25,0,H2,"949-WPR3, Z=9, Corner offsets=[120,45],[-30,-60],[100,100],[-90,45]",8,2,2025-Aug-26 08:11:09,50.632805342634192,0.3346395182929266,4.8588291160677255e-08,101.26561068526838,7.4798362136613799,14.772707463165496,0.14772707463165496,32749.798221367502,1.0000093457807628,1.1686904383588375,--,1940.601923386296,766.78291184660736,31.190375995424006,51.570252903145871,91.242270760873026,1.164467718981959,--,--,--,--,--,--,--,--,--,59.195262894275558,41.330577646706139,47203.659783483541,100,99.999999999999986,100,118.39052578855112,4.1560107481298362e-08,--,--,--,--,--,--,--,--,--,--,--,--,--,--,--,--,--,--,--,--,--,--,--,--,--,--,--,--,0.00062349358074757538,4,1,--,--,--,--,--,,Protein,Sphere,1.5840000000000001,0,,0,Globular Proteins,0.185,Sphere,0,,50,25,1000,Water,1.333,0.88723326555423099,Aqueous,
Good,H3 ,,08:42:25,2025-08-26,1692,27,27,View,--,1562978.1626819018,49484982.301339313,5,5,0,100,9.9614696502685547,24.999258729784597,78.943401575088501,15.000000596046448,25,0,H3,"949-WPR3, Z=9, Corner offsets=[120,45],[-30,-60],[100,100],[-90,45]",8,3,2025-Aug-26 08:11:09,51.333420544921267,0.32568995438791426,4.7924053303023628e-08,102.66684108984253,8.6011106223184761,16.755381837046581,0.16755381837046582,33819.957272789659,1.000271435463618,0.5187915074330588,--,1905.2149490692518,814.02190836051943,32.741919835521578,49.770400458005092,83.465342253075505,1.0191483683229146,--,--,--,--,--,--,--,--,--,56.596009303819748,36.938835216474516,42495.886556872669,100,100,100,113.1920186076395,4.3467827726420614e-08,--,--,--,--,--,--,--,--,--,--,--,--,--,--,--,--,--,--,--,--,--,--,--,--,--,--,--,--,0.00042683695276924018,4,1,--,--,--,--,--,,Protein,Sphere,1.5840000000000001,0,,0,Globular Proteins,0.185,Sphere,0,,50,25,1000,Water,1.333,0.88725085781187529,Aqueous,
