trial_index,Drug,SL_1,SL_2,SL_3,LL_1,LL_2,LL_3,P_1,P_2,P_3,S_1,S_2,S_3,Water,Complexity,Complexity_STD,Formulation,Size,Size_STD,PDI,PDI_STD,Formulation Quality,Solu,Solu_STD,iteration,Theoretical loading,Theoretical loading_STD
0,0.096,0.118,0.098,0.062,0.193,0.016,0.02,0.07,0.173,0.153,0.257,0.257,0.237,0.249,12,0,Formulation 1,128.4944116209438,6.051747791164314,0.4061233168417438,0.05083964521192057,1,192.0,0,0,0.096,0
1,0.168,0.068,0.09,0.151,0.088,0.119,0.141,0.094,0.045,0.036,0.514,0.071,0.414,0.0,12,0,Formulation 2,319.1553080663724,40.19428518809522,0.3567679867730127,0.08148195917926515,1,336.0000000000001,0,0,0.168,0
2,0.119,0.18,0.03,0.056,0.047,0.22,0.061,0.215,0.005,0.066,0.101,0.195,0.371,0.333,12,0,Formulation 3,229.0764108111047,2.375830481419821,0.1582568766872103,0.02998897626462643,1,238.0,0,0,0.119,0
3,0.017,0.039,0.17,0.139,0.141,0.07,0.118,0.039,0.122,0.145,0.341,0.371,0.065,0.224,12,0,Formulation 4,278.5740586658293,15.38342430568128,0.3276989906116382,0.009595056029538708,1,34.00000000000001,0,0,0.017,0
4,0.048,0.196,0.158,0.109,0.114,0.051,0.103,0.162,0.046,0.013,0.052,0.364,0.461,0.123,12,0,Formulation 5,251.1940826841229,0.1175340231069496,0.2407942082684122,0.01377733173531823,1,96.0,0,0,0.048,0
5,0.175,0.025,0.063,0.0,0.003,0.142,0.159,0.025,0.159,0.248,0.301,0.174,0.082,0.443,11,0,Formulation 6,196.9950014055774,4.055198291874487,0.1904060659486961,0.02080207502339983,1,350.0,0,0,0.175,0
6,0.119,0.116,0.138,0.143,0.045,0.122,0.019,0.074,0.143,0.082,0.372,0.056,0.381,0.19,12,0,Formulation 7,1000.0,0.0,1.0,0.0,0,0.0,0,0,0.0,0
7,0.069,0.056,0.024,0.085,0.155,0.091,0.198,0.131,0.099,0.091,0.169,0.36,0.173,0.298,12,0,Formulation 8,218.6975312281005,10.71682449399013,0.2707943313005062,0.02958781961517211,1,138.0,0,0,0.069,0
8,0.056,0.165,0.198,0.02,0.077,0.06,0.083,0.173,0.028,0.139,0.247,0.485,0.077,0.191,12,0,Formulation 9,263.0406161130487,3.837711102525086,0.2977119213248108,0.01330419140503101,1,112.0,0,0,0.056,0
9,0.155,0.03,0.004,0.116,0.17,0.185,0.136,0.004,0.136,0.064,0.345,0.049,0.283,0.323,12,0,Formulation 10,214.7847255596217,5.099425183620458,0.255007000962565,0.03079584235270097,1,310.0,0,0,0.155,0
10,0.135,0.095,0.118,0.082,0.118,0.129,0.042,0.075,0.18,0.026,0.394,0.206,0.257,0.143,12,0,Formulation 11,267.3104222763325,12.80292813111108,0.2736189859506681,0.03506281699973989,1,270.0,0,0,0.135,0
11,0.034,0.093,0.073,0.194,0.034,0.002,0.179,0.145,0.079,0.167,0.019,0.263,0.37,0.347,12,0,Formulation 12,1000.0,0.0,1.0,0.0,0,0.0,0,0,0.0,0
12,0.008,0.183,0.063,0.221,0.033,0.106,0.0,0.074,0.21,0.104,0.26,0.293,0.172,0.274,11,0,Formulation 13,1000.0,0.0,1.0,0.0,0,0.0,0,0,0.0,0
13,0.1,0.062,0.133,0.05,0.1,0.145,0.148,0.103,0.06,0.1,0.11,0.247,0.473,0.17,12,0,Formulation 14,252.3563311140505,7.142263688252661,0.1686356714099053,0.04573077111154008,1,200.0,0,0,0.1,0
14,0.146,0.143,0.057,0.094,0.126,0.091,0.054,0.14,0.016,0.133,0.214,0.153,0.031,0.603,12,0,Formulation 15,316.9041435280837,4.220268741447002,0.4319952545179766,0.09725797094706691,1,292.0,0,0,0.146,0
15,0.139,0.017,0.202,0.046,0.106,0.056,0.169,0.056,0.169,0.04,0.398,0.353,0.225,0.024,12,0,Formulation 16,246.0256074541057,5.748263323443141,0.2694247008547361,0.01836701523482775,1,278.0000000000001,0,0,0.139,0
16,0.239,0.0,0.0,0.142,0.206,0.14,0.242,0.0,0.031,0.0,0.603,0.0,0.397,0.0,7,0,Formulation 1,1000.0,0.0,1.0,0.0,0,0.0,0,1,0.0,0
17,0.347,0.0,0.0,0.0,0.0,0.386,0.267,0.0,0.0,0.0,0.242,0.0,0.317,0.442,4,0,Formulation 2,1000.0,0.0,1.0,0.0,0,0.0,0,1,0.0,0
18,0.282,0.0,0.0,0.17,0.245,0.0,0.303,0.0,0.0,0.0,0.763,0.0,0.237,0.0,5,0,Formulation 3,1000.0,0.0,1.0,0.0,0,0.0,0,1,0.0,0
19,0.245,0.0,0.0,0.123,0.157,0.261,0.214,0.0,0.0,0.0,0.0,0.0,0.0,1.0,4,0,Formulation 4,1000.0,0.0,1.0,0.0,0,0.0,0,1,0.0,0
20,0.324,0.0,0.0,0.155,0.199,0.0,0.321,0.0,0.0,0.0,0.0,0.0,0.0,1.0,3,0,Formulation 5,1000.0,0.0,1.0,0.0,0,0.0,0,1,0.0,0
21,0.285,0.0,0.0,0.191,0.268,0.0,0.256,0.0,0.0,0.0,0.0,0.0,0.0,1.0,3,0,Formulation 6,1000.0,0.0,1.0,0.0,0,0.0,0,1,0.0,0
22,0.273,0.0,0.0,0.194,0.251,0.0,0.282,0.0,0.0,0.0,0.0,0.0,0.0,1.0,3,0,Formulation 7,1000.0,0.0,1.0,0.0,0,0.0,0,1,0.0,0
23,0.279,0.0,0.0,0.187,0.25,0.0,0.284,0.0,0.0,0.0,0.0,0.0,0.0,1.0,3,0,Formulation 8,1000.0,0.0,1.0,0.0,0,0.0,0,1,0.0,0
24,0.28,0.0,0.0,0.193,0.248,0.0,0.28,0.0,0.0,0.0,0.0,0.0,0.0,1.0,3,0,Formulation 9,1000.0,0.0,1.0,0.0,0,0.0,0,1,0.0,0
25,0.276,0.0,0.0,0.193,0.244,0.0,0.287,0.0,0.0,0.0,0.0,0.0,0.0,1.0,3,0,Formulation 10,1000.0,0.0,1.0,0.0,0,0.0,0,1,0.0,0
26,0.284,0.0,0.0,0.19,0.263,0.0,0.263,0.0,0.0,0.0,0.0,0.0,0.0,1.0,3,0,Formulation 11,1000.0,0.0,1.0,0.0,0,0.0,0,1,0.0,0
27,0.343,0.0,0.0,0.146,0.179,0.0,0.332,0.0,0.0,0.0,0.0,0.0,0.0,1.0,3,0,Formulation 12,1000.0,0.0,1.0,0.0,0,0.0,0,1,0.0,0
28,0.274,0.0,0.0,0.196,0.251,0.0,0.279,0.0,0.0,0.0,0.0,0.0,0.0,1.0,3,0,Formulation 13,1000.0,0.0,1.0,0.0,0,0.0,0,1,0.0,0
29,0.276,0.0,0.0,0.196,0.244,0.0,0.284,0.0,0.0,0.0,0.0,0.0,0.0,1.0,3,0,Formulation 14,1000.0,0.0,1.0,0.0,0,0.0,0,1,0.0,0
30,0.273,0.0,0.0,0.194,0.251,0.0,0.282,0.0,0.0,0.0,0.0,0.0,0.0,1.0,3,0,Formulation 15,1000.0,0.0,1.0,0.0,0,0.0,0,1,0.0,0
31,0.291,0.0,0.0,0.189,0.27,0.0,0.249,0.0,0.0,0.0,0.0,0.0,0.0,1.0,3,0,Formulation 16,1000.0,0.0,1.0,0.0,0,0.0,0,1,0.0,0
32,0.236,0.027,0.161,0.0,0.134,0.0,0.134,0.075,0.233,0.0,0.397,0.384,0.219,0.0,9,0,Formulation 1,161.2697306605048,3.677573300660924,0.2085624333180173,0.02417886845665356,1,472.0,0,2,0.236,0
33,0.343,0.049,0.304,0.0,0.0,0.0,0.0,0.0,0.304,0.0,0.411,0.39,0.199,0.0,6,0,Formulation 2,142.4139219549915,1.960973584623762,0.3836447747404599,0.1171038866711226,1,686.0000000000001,0,2,0.343,0
34,0.402,0.133,0.299,0.0,0.0,0.0,0.0,0.0,0.166,0.0,0.596,0.0,0.404,0.0,5,0,Formulation 3,231.3371107622332,8.673832118494497,0.2206990092629054,0.04234771587082683,1,804.0000000000001,0,2,0.402,0
35,0.476,0.152,0.371,0.0,0.0,0.0,0.0,0.0,0.0,0.0,0.305,0.0,0.695,0.0,4,0,Formulation 4,298.4118763487749,7.863227779357842,0.2349082787475546,0.03050159118343187,1,951.9999999999999,0,2,0.476,0
36,0.524,0.476,0.0,0.0,0.0,0.0,0.0,0.0,0.0,0.0,0.0,0.0,1.0,0.0,2,0,Formulation 5,247.1749063958706,9.397339807795339,0.2624967337043178,0.008046359890155563,1,1048.0,0,2,0.524,0
37,0.74,0.26,0.0,0.0,0.0,0.0,0.0,0.0,0.0,0.0,0.0,0.0,1.0,0.0,2,0,Formulation 6,215.9759889066113,10.64897924026544,0.3326666697875577,0.02329405410565636,1,1480.0,0,2,0.74,0
38,0.505,0.495,0.0,0.0,0.0,0.0,0.0,0.0,0.0,0.0,0.0,0.0,1.0,0.0,2,0,Formulation 7,246.727759601328,8.389961029643924,0.3522080413341262,0.0606802691386908,1,1010.0,0,2,0.505,0
39,0.567,0.433,0.0,0.0,0.0,0.0,0.0,0.0,0.0,0.0,0.0,0.0,0.0,1.0,1,0,Formulation 8,1000.0,0.0,1.0,0.0,0,0.0,0,2,0.0,0
40,0.573,0.427,0.0,0.0,0.0,0.0,0.0,0.0,0.0,0.0,0.0,0.0,0.0,1.0,1,0,Formulation 9,240.7385862391307,4.893344906615702,0.2663602015895318,0.08375585417269807,1,1146.0,0,2,0.573,0
41,0.411,0.04,0.0,0.0,0.0,0.0,0.0,0.0,0.55,0.0,0.38,0.38,0.24,0.0,5,0,Formulation 10,28.20665863263348,0.6292334580485007,0.1495056591163664,0.03498642551819565,1,822.0,0,2,0.411,0
42,0.494,0.183,0.0,0.0,0.0,0.0,0.0,0.0,0.322,0.0,0.637,0.363,0.0,0.0,4,0,Formulation 11,70.2639770725446,4.150322771052859,0.5336937988400553,0.02156669994151759,1,988.0,0,2,0.494,0
43,0.558,0.442,0.0,0.0,0.0,0.0,0.0,0.0,0.0,0.0,0.0,0.0,0.0,1.0,1,0,Formulation 12,241.3104435604058,6.032211883721211,0.2237880817909364,0.04515899516292455,1,1116.0,0,2,0.558,0
44,0.571,0.429,0.0,0.0,0.0,0.0,0.0,0.0,0.0,0.0,0.0,0.0,0.0,1.0,1,0,Formulation 13,253.8870705321419,18.44640055055855,0.2128998205053556,0.03633641015423662,1,1142.0,0,2,0.571,0
45,0.578,0.422,0.0,0.0,0.0,0.0,0.0,0.0,0.0,0.0,0.0,0.0,0.0,1.0,1,0,Formulation 14,264.4055116063013,9.377609820804603,0.2203712546258755,0.001070547810047507,1,1156.0,0,2,0.578,0
46,0.578,0.422,0.0,0.0,0.0,0.0,0.0,0.0,0.0,0.0,0.0,0.0,0.0,1.0,1,0,Formulation 15,236.8480754020953,8.30642589112866,0.1996541493550152,0.09423332064931898,1,1156.0,0,2,0.578,0
47,0.578,0.422,0.0,0.0,0.0,0.0,0.0,0.0,0.0,0.0,0.0,0.0,0.0,1.0,1,0,Formulation 16,246.794756072026,0.8035107070217961,0.271040830107915,0.02002269964405929,1,1156.0,0,2,0.578,0
48,0.576,0.424,0.0,0.0,0.0,0.0,0.0,0.0,0.0,0.0,0.0,0.0,0.0,1.0,1,0,Formulation 1,1000.0,0.0,1.0,0.0,0,0.0,0,3,0.0,0
49,0.576,0.424,0.0,0.0,0.0,0.0,0.0,0.0,0.0,0.0,0.0,0.0,0.0,1.0,1,0,Formulation 2,250.7912295900184,3.503133073161865,0.2554991874050814,0.1326443976392031,1,1152.0,0,3,0.576,0
50,0.576,0.424,0.0,0.0,0.0,0.0,0.0,0.0,0.0,0.0,1.0,0.0,0.0,0.0,2,0,Formulation 3,271.9832524547476,7.969452277834154,0.2423252494971979,0.04449385825681125,1,1152.0,0,3,0.576,0
51,0.579,0.421,0.0,0.0,0.0,0.0,0.0,0.0,0.0,0.0,0.0,0.0,1.0,0.0,2,0,Formulation 4,246.5443359851403,11.40584075456517,0.3306690398422925,0.06068972297834211,1,1158.0,0,3,0.579,0
52,0.579,0.421,0.0,0.0,0.0,0.0,0.0,0.0,0.0,0.0,0.0,0.0,0.0,1.0,1,0,Formulation 5,255.0574380378541,3.053128710011254,0.1794154453078554,0.004520903406910181,1,1158.0,0,3,0.579,0
53,0.579,0.421,0.0,0.0,0.0,0.0,0.0,0.0,0.0,0.0,0.0,0.0,0.0,1.0,1,0,Formulation 6,255.5998580132523,9.307955425283563,0.234082212867277,0.03505040866343156,1,1158.0,0,3,0.579,0
54,0.579,0.421,0.0,0.0,0.0,0.0,0.0,0.0,0.0,0.0,0.0,0.0,0.0,1.0,1,0,Formulation 7,246.0273808915563,4.847659758116697,0.1941334014394693,0.02182905310593544,1,1158.0,0,3,0.579,0
55,0.579,0.421,0.0,0.0,0.0,0.0,0.0,0.0,0.0,0.0,0.0,0.0,0.0,1.0,1,0,Formulation 8,250.8152815769174,10.39703914483193,0.2323816715380942,0.1028897543873905,1,1158.0,0,3,0.579,0
56,0.579,0.421,0.0,0.0,0.0,0.0,0.0,0.0,0.0,0.0,0.0,0.0,0.0,1.0,1,0,Formulation 9,268.8584597371978,4.501795684332499,0.1833502233326554,0.02169194701454336,1,1158.0,0,3,0.579,0
57,0.579,0.421,0.0,0.0,0.0,0.0,0.0,0.0,0.0,0.0,1.0,0.0,0.0,0.0,2,0,Formulation 10,262.6391982793762,7.608169157799621,0.1677878264207143,0.04566058220782748,1,1158.0,0,3,0.579,0
58,0.579,0.421,0.0,0.0,0.0,0.0,0.0,0.0,0.0,0.0,0.0,0.0,0.0,1.0,1,0,Formulation 11,255.2462563404744,8.06714140195212,0.1736614481263249,0.003398379552150751,1,1158.0,0,3,0.579,0
59,0.579,0.421,0.0,0.0,0.0,0.0,0.0,0.0,0.0,0.0,0.0,0.0,0.0,1.0,1,0,Formulation 12,245.8329329407954,22.71453002799925,0.1665965973748742,0.01730667190344673,1,1158.0,0,3,0.579,0
60,0.73,0.27,0.0,0.0,0.0,0.0,0.0,0.0,0.0,0.0,0.0,0.0,0.0,1.0,1,0,Formulation 13,225.3294990878953,6.344183499506908,0.1894116460139001,0.03803506748326579,1,1460.0,0,3,0.73,0
61,0.579,0.421,0.0,0.0,0.0,0.0,0.0,0.0,0.0,0.0,0.0,0.0,0.0,1.0,1,0,Formulation 14,257.788013557337,9.049539375981858,0.1509309990114283,0.02584651065711061,1,1158.0,0,3,0.579,0
62,0.579,0.421,0.0,0.0,0.0,0.0,0.0,0.0,0.0,0.0,0.0,0.0,0.0,1.0,1,0,Formulation 15,256.7838258731002,8.82685838186612,0.1464260678337775,0.03104686612743393,1,1158.0,0,3,0.579,0
63,0.634,0.366,0.0,0.0,0.0,0.0,0.0,0.0,0.0,0.0,0.0,0.0,1.0,0.0,2,0,Formulation 16,226.7326986442823,12.15383368830659,0.3878870981996799,0.01284465735159024,1,1268.0,0,3,0.634,0
64,0.567,0.433,0.0,0.0,0.0,0.0,0.0,0.0,0.0,0.0,0.0,0.0,0.0,1.0,1,0,Formulation 1,1000.0,0.0,1.0,0.0,0,0.0,0,4,0.0,0
65,0.567,0.433,0.0,0.0,0.0,0.0,0.0,0.0,0.0,0.0,0.0,0.0,0.0,1.0,1,0,Formulation 2,247.1507153323309,0.9160900066095151,0.1771229899023298,0.02851492147488786,1,1134.0,0,4,0.567,0
66,0.579,0.421,0.0,0.0,0.0,0.0,0.0,0.0,0.0,0.0,1.0,0.0,0.0,0.0,2,0,Formulation 3,261.3006119026017,5.714350760545032,0.1905518484186094,0.02693092733895594,1,1158.0,0,4,0.579,0
67,0.567,0.433,0.0,0.0,0.0,0.0,0.0,0.0,0.0,0.0,0.0,0.0,1.0,0.0,2,0,Formulation 4,240.9853712679557,8.261156630543619,0.278452708592021,0.009811977037171835,1,1134.0,0,4,0.567,0
68,0.567,0.433,0.0,0.0,0.0,0.0,0.0,0.0,0.0,0.0,0.0,0.0,0.0,1.0,1,0,Formulation 5,245.9207043994695,10.79335589544936,0.1931963422602321,0.02767352805606441,1,1134.0,0,4,0.567,0
69,0.567,0.433,0.0,0.0,0.0,0.0,0.0,0.0,0.0,0.0,0.0,0.0,0.0,1.0,1,0,Formulation 6,260.9641972798536,6.395231492316828,0.2140883793537483,0.03059163696981659,1,1134.0,0,4,0.567,0
70,0.567,0.433,0.0,0.0,0.0,0.0,0.0,0.0,0.0,0.0,0.0,0.0,1.0,0.0,2,0,Formulation 7,243.5125840010032,3.288847074886907,0.4068690314372083,0.04806748250956978,1,1134.0,0,4,0.567,0
71,0.567,0.433,0.0,0.0,0.0,0.0,0.0,0.0,0.0,0.0,0.0,0.0,0.0,1.0,1,0,Formulation 8,253.3809670999532,14.07554974262399,0.2091586417760695,0.0455908218578953,1,1134.0,0,4,0.567,0
72,0.585,0.415,0.0,0.0,0.0,0.0,0.0,0.0,0.0,0.0,1.0,0.0,0.0,0.0,2,0,Formulation 9,269.6002342609674,8.84111947188675,0.2643899290589455,0.09725238927911815,1,1170.0,0,4,0.585,0
73,0.567,0.433,0.0,0.0,0.0,0.0,0.0,0.0,0.0,0.0,0.0,0.0,1.0,0.0,2,0,Formulation 10,256.7233845501136,9.923295663012611,0.3670605344469642,0.0407964535378877,1,1134.0,0,4,0.567,0
74,0.734,0.266,0.0,0.0,0.0,0.0,0.0,0.0,0.0,0.0,0.0,0.0,0.0,1.0,1,0,Formulation 11,1000.0,0.0,1.0,0.0,0,0.0,0,4,0.0,0
75,0.567,0.433,0.0,0.0,0.0,0.0,0.0,0.0,0.0,0.0,0.0,0.0,0.0,1.0,1,0,Formulation 12,247.657188873001,0.1343118628380251,0.1527751734692424,0.00132243161509747,1,1134.0,0,4,0.567,0
76,0.567,0.433,0.0,0.0,0.0,0.0,0.0,0.0,0.0,0.0,0.0,0.0,0.0,1.0,1,0,Formulation 13,247.9384588797408,17.01671704130082,0.1690485439518775,0.03672282978658929,1,1134.0,0,4,0.567,0
77,0.567,0.433,0.0,0.0,0.0,0.0,0.0,0.0,0.0,0.0,0.0,0.0,0.0,1.0,1,0,Formulation 14,1000.0,0.0,1.0,0.0,0,0.0,0,4,0.0,0
78,0.567,0.433,0.0,0.0,0.0,0.0,0.0,0.0,0.0,0.0,0.0,0.0,0.0,1.0,1,0,Formulation 15,242.5327101715223,12.03792778159101,0.1960958164780076,0.03359891269384781,1,1134.0,0,4,0.567,0
79,0.74,0.26,0.0,0.0,0.0,0.0,0.0,0.0,0.0,0.0,0.0,0.0,0.0,1.0,1,0,Formulation 16,1000.0,0.0,1.0,0.0,0,0.0,0,4,0.0,0
80,0.566,0.434,0.0,0.0,0.0,0.0,0.0,0.0,0.0,0.0,0.0,0.0,1.0,0.0,2,0,Formulation 1,236.7091299096014,4.861946619757612,0.2250620385521375,0.01469090240888364,1,1132.0,0,5,0.566,0
81,0.566,0.434,0.0,0.0,0.0,0.0,0.0,0.0,0.0,0.0,1.0,0.0,0.0,0.0,2,0,Formulation 2,271.2183118544955,5.58524615563316,0.2007720005803204,0.0183010695091887,1,1132.0,0,5,0.566,0
82,0.726,0.274,0.0,0.0,0.0,0.0,0.0,0.0,0.0,0.0,0.0,0.0,0.0,1.0,1,0,Formulation 3,1000.0,0.0,1.0,0.0,0,0.0,0,5,0.0,0
83,0.726,0.274,0.0,0.0,0.0,0.0,0.0,0.0,0.0,0.0,0.0,0.0,0.0,1.0,1,0,Formulation 4,1000.0,0.0,1.0,0.0,0,0.0,0,5,0.0,0
84,0.549,0.451,0.0,0.0,0.0,0.0,0.0,0.0,0.0,0.0,0.0,0.0,0.0,1.0,1,0,Formulation 5,1000.0,0.0,1.0,0.0,0,0.0,0,5,0.0,0
85,0.549,0.451,0.0,0.0,0.0,0.0,0.0,0.0,0.0,0.0,0.0,0.0,0.0,1.0,1,0,Formulation 6,1000.0,0.0,1.0,0.0,0,0.0,0,5,0.0,0
86,0.724,0.276,0.0,0.0,0.0,0.0,0.0,0.0,0.0,0.0,0.0,0.0,0.0,1.0,1,0,Formulation 7,1000.0,0.0,1.0,0.0,0,0.0,0,5,0.0,0
87,0.726,0.274,0.0,0.0,0.0,0.0,0.0,0.0,0.0,0.0,0.0,0.0,0.0,1.0,1,0,Formulation 8,1000.0,0.0,1.0,0.0,0,0.0,0,5,0.0,0
88,0.726,0.274,0.0,0.0,0.0,0.0,0.0,0.0,0.0,0.0,0.0,0.0,0.0,1.0,1,0,Formulation 9,1000.0,0.0,1.0,0.0,0,0.0,0,5,0.0,0
89,0.549,0.451,0.0,0.0,0.0,0.0,0.0,0.0,0.0,0.0,0.0,0.0,0.0,1.0,1,0,Formulation 10,273.4878170022106,18.36231541316121,0.3125131274877855,0.2069091961323014,1,1098.0,0,5,0.549,0
90,0.491,0.509,0.0,0.0,0.0,0.0,0.0,0.0,0.0,0.0,0.0,1.0,0.0,0.0,2,0,Formulation 11,1000.0,0.0,1.0,0.0,0,0.0,0,5,0.0,0
91,0.566,0.434,0.0,0.0,0.0,0.0,0.0,0.0,0.0,0.0,0.5,0.0,0.5,0.0,3,0,Formulation 12,240.2618929517572,13.74491823693714,0.2822214212626997,0.01335606287701325,1,1132.0,0,5,0.566,0
92,0.585,0.415,0.0,0.0,0.0,0.0,0.0,0.0,0.0,0.0,0.0,0.0,0.0,1.0,1,0,Formulation 13,248.6673205120312,2.423363051723764,0.3166670201450552,0.09147100532202654,1,1170.0,0,5,0.585,0
93,0.549,0.451,0.0,0.0,0.0,0.0,0.0,0.0,0.0,0.0,0.0,0.0,1.0,0.0,2,0,Formulation 14,249.1147606333315,11.00944794326001,0.3816336384440764,0.01421527915023669,1,1098.0,0,5,0.549,0
94,0.414,0.586,0.0,0.0,0.0,0.0,0.0,0.0,0.0,0.0,0.0,0.0,0.0,1.0,1,0,Formulation 15,1000.0,0.0,1.0,0.0,0,0.0,0,5,0.0,0
95,0.549,0.451,0.0,0.0,0.0,0.0,0.0,0.0,0.0,0.0,0.0,0.0,0.0,1.0,1,0,Formulation 16,251.1203048257512,2.284073370761628,0.3674247688307392,0.06490185657247426,1,1098.0,0,5,0.549,0
96,0.559,0.441,0.0,0.0,0.0,0.0,0.0,0.0,0.0,0.0,0.0,0.0,1.0,0.0,2,0,Formulation 1,236.4925366598521,5.761919923465375,0.1913193397453234,0.04154315729896233,1,1118.0,0,6,0.559,0
97,0.714,0.286,0.0,0.0,0.0,0.0,0.0,0.0,0.0,0.0,0.0,0.0,0.0,1.0,1,0,Formulation 2,1000.0,0.0,1.0,0.0,0,0.0,0,6,0.0,0
98,0.559,0.441,0.0,0.0,0.0,0.0,0.0,0.0,0.0,0.0,0.0,0.0,0.667,0.333,2,0,Formulation 3,230.0616160356918,1.215807357851475,0.3200990799826407,0.05449183027570646,1,1118.0,0,6,0.559,0
99,0.714,0.286,0.0,0.0,0.0,0.0,0.0,0.0,0.0,0.0,0.0,0.0,0.0,1.0,1,0,Formulation 4,1000.0,0.0,1.0,0.0,0,0.0,0,6,0.0,0
100,0.556,0.438,0.0,0.0,0.0,0.0,0.0,0.0,0.006,0.0,0.0,0.0,1.0,0.0,3,0,Formulation 5,233.5803056775764,1.771304382807644,0.28293311813418,0.01979703109113666,1,1112.0,0,6,0.556,0
101,0.714,0.286,0.0,0.0,0.0,0.0,0.0,0.0,0.0,0.0,0.0,0.0,0.0,1.0,1,0,Formulation 6,1000.0,0.0,1.0,0.0,0,0.0,0,6,0.0,0
102,0.714,0.286,0.0,0.0,0.0,0.0,0.0,0.0,0.0,0.0,0.0,0.0,0.0,1.0,1,0,Formulation 7,1000.0,0.0,1.0,0.0,0,0.0,0,6,0.0,0
103,0.74,0.26,0.0,0.0,0.0,0.0,0.0,0.0,0.0,0.0,0.0,0.0,1.0,0.0,2,0,Formulation 8,1000.0,0.0,1.0,0.0,0,0.0,0,6,0.0,0
104,0.714,0.286,0.0,0.0,0.0,0.0,0.0,0.0,0.0,0.0,0.0,0.0,0.0,1.0,1,0,Formulation 9,1000.0,0.0,1.0,0.0,0,0.0,0,6,0.0,0
105,0.714,0.286,0.0,0.0,0.0,0.0,0.0,0.0,0.0,0.0,0.0,0.0,0.0,1.0,1,0,Formulation 10,1000.0,0.0,1.0,0.0,0,0.0,0,6,0.0,0
106,0.714,0.286,0.0,0.0,0.0,0.0,0.0,0.0,0.0,0.0,0.0,1.0,0.0,0.0,2,0,Formulation 11,1000.0,0.0,1.0,0.0,0,0.0,0,6,0.0,0
107,0.579,0.421,0.0,0.0,0.0,0.0,0.0,0.0,0.0,0.0,0.0,0.0,0.0,1.0,1,0,Formulation 12,1000.0,0.0,1.0,0.0,0,0.0,0,6,0.0,0
108,0.579,0.421,0.0,0.0,0.0,0.0,0.0,0.0,0.0,0.0,0.0,0.0,0.0,1.0,1,0,Formulation 13,1000.0,0.0,1.0,0.0,0,0.0,0,6,0.0,0
109,0.569,0.431,0.0,0.0,0.0,0.0,0.0,0.0,0.0,0.0,1.0,0.0,0.0,0.0,2,0,Formulation 14,282.6395893568722,2.724633222941511,0.2737803325057641,0.03053302947987755,1,1138.0,0,6,0.569,0
110,0.714,0.286,0.0,0.0,0.0,0.0,0.0,0.0,0.0,0.0,0.0,0.0,0.0,1.0,1,0,Formulation 15,1000.0,0.0,1.0,0.0,0,0.0,0,6,0.0,0
111,0.714,0.286,0.0,0.0,0.0,0.0,0.0,0.0,0.0,0.0,0.0,0.0,0.0,1.0,1,0,Formulation 16,1000.0,0.0,1.0,0.0,0,0.0,0,6,0.0,0
112,0.573,0.427,0.0,0.0,0.0,0.0,0.0,0.0,0.0,0.0,1.0,0.0,0.0,0.0,2,0,Formulation 1,258.725649520063,4.254974966831459,0.1895115459364927,0.03782109051514737,1,1146.0,0,7,0.573,0
113,0.558,0.442,0.0,0.0,0.0,0.0,0.0,0.0,0.0,0.0,0.5,0.0,0.5,0.0,3,0,Formulation 2,211.4204370617674,3.978325669106603,0.1838222744575847,0.02336717526636863,1,1116.0,0,7,0.558,0
114,0.596,0.404,0.0,0.0,0.0,0.0,0.0,0.0,0.0,0.0,0.0,0.0,0.0,1.0,1,0,Formulation 3,1000.0,0.0,1.0,0.0,0,0.0,0,7,0.0,0
115,0.556,0.444,0.0,0.0,0.0,0.0,0.0,0.0,0.0,0.0,0.0,0.0,1.0,0.0,2,0,Formulation 4,1000.0,0.0,1.0,0.0,0,0.0,0,7,0.0,0
116,0.596,0.404,0.0,0.0,0.0,0.0,0.0,0.0,0.0,0.0,0.0,0.0,0.0,1.0,1,0,Formulation 5,1000.0,0.0,1.0,0.0,0,0.0,0,7,0.0,0
117,0.596,0.404,0.0,0.0,0.0,0.0,0.0,0.0,0.0,0.0,0.0,0.0,0.0,1.0,1,0,Formulation 6,1000.0,0.0,1.0,0.0,0,0.0,0,7,0.0,0
118,0.596,0.404,0.0,0.0,0.0,0.0,0.0,0.0,0.0,0.0,0.0,0.0,0.0,1.0,1,0,Formulation 7,224.4276674147838,3.430782296783069,0.2174277135257116,0.09703089422915188,1,1192.0,0,7,0.596,0
119,0.552,0.448,0.0,0.0,0.0,0.0,0.0,0.0,0.0,0.0,0.0,0.0,1.0,0.0,2,0,Formulation 8,242.5661691590108,11.56751860917161,0.3713495724860106,0.0008101237181429652,1,1104.0,0,7,0.552,0
120,0.596,0.404,0.0,0.0,0.0,0.0,0.0,0.0,0.0,0.0,0.0,0.0,0.0,1.0,1,0,Formulation 9,1000.0,0.0,1.0,0.0,0,0.0,0,7,0.0,0
121,0.596,0.404,0.0,0.0,0.0,0.0,0.0,0.0,0.0,0.0,0.0,0.0,0.0,1.0,1,0,Formulation 10,1000.0,0.0,1.0,0.0,0,0.0,0,7,0.0,0
122,0.596,0.404,0.0,0.0,0.0,0.0,0.0,0.0,0.0,0.0,0.0,0.0,0.0,1.0,1,0,Formulation 11,225.3482467973216,4.480479497058691,0.1765142124847859,0.01899443914920562,1,1192.0,0,7,0.596,0
123,0.558,0.442,0.0,0.0,0.0,0.0,0.0,0.0,0.0,0.0,0.5,0.0,0.5,0.0,3,0,Formulation 12,224.5594626610293,12.18952933578585,0.2342137367767028,0.015410346130529,1,1116.0,0,7,0.558,0
124,0.596,0.404,0.0,0.0,0.0,0.0,0.0,0.0,0.0,0.0,0.0,0.0,0.0,1.0,1,0,Formulation 13,243.9782038748446,9.610024490913727,0.2198806817457322,0.02539805918041422,1,1192.0,0,7,0.596,0
125,0.596,0.404,0.0,0.0,0.0,0.0,0.0,0.0,0.0,0.0,0.0,0.0,0.0,1.0,1,0,Formulation 14,239.5025847429019,7.43289994564192,0.1966576590183729,0.04041872767511034,1,1192.0,0,7,0.596,0
126,0.552,0.448,0.0,0.0,0.0,0.0,0.0,0.0,0.0,0.0,0.0,0.0,1.0,0.0,2,0,Formulation 15,232.0516414426488,3.174219796938892,0.3704096174540199,0.04248984540921422,1,1104.0,0,7,0.552,0
127,0.545,0.431,0.0,0.0,0.0,0.0,0.024,0.0,0.0,0.0,0.5,0.0,0.5,0.0,4,0,Formulation 16,230.7999981876362,5.900982847839539,0.2578699048807649,0.04802423861368142,1,1090.0,0,7,0.545,0
128,0.54,0.46,0.0,0.0,0.0,0.0,0.0,0.0,0.0,0.0,0.0,0.0,1.0,0.0,2,0,Formulation 1,228.5078656004977,3.062153250978625,0.1985750830543164,0.02569732174582379,1,1080.0,0,8,0.54,0
129,0.54,0.46,0.0,0.0,0.0,0.0,0.0,0.0,0.0,0.0,0.0,0.0,0.087,0.913,2,0,Formulation 2,217.0530002098263,3.852991800061089,0.3737959156559785,0.005766296850639445,1,1080.0,0,8,0.54,0
130,0.54,0.46,0.0,0.0,0.0,0.0,0.0,0.0,0.0,0.0,0.0,0.0,1.0,0.0,2,0,Formulation 3,228.7900193664721,0.01970291023043858,0.2483089539860174,0.02490274181162369,1,1080.0,0,8,0.54,0
131,0.578,0.422,0.0,0.0,0.0,0.0,0.0,0.0,0.0,0.0,0.0,0.0,0.0,1.0,1,0,Formulation 4,239.9624776834532,7.062281062248399,0.2214578485783315,0.06281570512372575,1,1156.0,0,8,0.578,0
132,0.54,0.46,0.0,0.0,0.0,0.0,0.0,0.0,0.0,0.0,0.0,0.0,1.0,0.0,2,0,Formulation 5,243.8925899051516,4.975962868834354,0.3238921674019968,0.03507557891023317,1,1080.0,0,8,0.54,0
133,0.54,0.46,0.0,0.0,0.0,0.0,0.0,0.0,0.0,0.0,0.0,0.6,0.4,0.0,3,0,Formulation 6,172.4884119151595,1.893026647733627,0.2575846091650871,0.06205942904653981,1,1080.0,0,8,0.54,0
134,0.569,0.431,0.0,0.0,0.0,0.0,0.0,0.0,0.0,0.0,0.0,0.0,1.0,0.0,2,0,Formulation 7,238.978469478084,2.977501101939711,0.3176295956398719,0.0110502774824885,1,1138.0,0,8,0.569,0
135,0.545,0.455,0.0,0.0,0.0,0.0,0.0,0.0,0.0,0.0,0.0,0.0,0.0,1.0,1,0,Formulation 8,1000.0,0.0,1.0,0.0,0,0.0,0,8,0.0,0
136,0.54,0.46,0.0,0.0,0.0,0.0,0.0,0.0,0.0,0.0,0.0,0.0,1.0,0.0,2,0,Formulation 9,249.5245386291966,5.272499958172779,0.3422851413512755,0.02659531771394013,1,1080.0,0,8,0.54,0
137,0.578,0.422,0.0,0.0,0.0,0.0,0.0,0.0,0.0,0.0,0.0,0.0,0.0,1.0,1,0,Formulation 10,236.8023851434886,12.34152715693506,0.1980662153748087,0.01334448184964248,1,1156.0,0,8,0.578,0
138,0.578,0.422,0.0,0.0,0.0,0.0,0.0,0.0,0.0,0.0,0.0,0.0,0.0,1.0,1,0,Formulation 11,263.4750912402411,16.61955786011238,0.2202187725853316,0.04167157987747041,1,1156.0,0,8,0.578,0
139,0.569,0.431,0.0,0.0,0.0,0.0,0.0,0.0,0.0,0.0,0.0,0.0,1.0,0.0,2,0,Formulation 12,248.9979443069904,5.715645352816832,0.3799964347416713,0.05514728083682616,1,1138.0,0,8,0.569,0
140,0.54,0.46,0.0,0.0,0.0,0.0,0.0,0.0,0.0,0.0,0.0,0.0,0.4,0.6,2,0,Formulation 13,1000.0,0.0,1.0,0.0,0,0.0,0,8,0.0,0
141,0.545,0.455,0.0,0.0,0.0,0.0,0.0,0.0,0.0,0.0,0.0,0.0,0.0,1.0,1,0,Formulation 14,1000.0,0.0,1.0,0.0,0,0.0,0,8,0.0,0
142,0.383,0.617,0.0,0.0,0.0,0.0,0.0,0.0,0.0,0.0,1.0,0.0,0.0,0.0,2,0,Formulation 15,311.9060323827018,9.296241833731607,0.3131205407505758,0.04380751184634415,1,766.0000000000001,0,8,0.383,0
143,0.54,0.46,0.0,0.0,0.0,0.0,0.0,0.0,0.0,0.0,0.0,0.5,0.5,0.0,3,0,Formulation 16,174.5680503924258,5.172880172959695,0.3801561484980434,0.04096222970213809,1,1080.0,0,8,0.54,0
144,0.576,0.424,0.0,0.0,0.0,0.0,0.0,0.0,0.0,0.0,0.0,1.0,0.0,0.0,2,0,Formulation 1,1000.0,0.0,1.0,0.0,0,0.0,0,9,0.0,0
145,0.556,0.444,0.0,0.0,0.0,0.0,0.0,0.0,0.0,0.0,0.0,0.0,1.0,0.0,2,0,Formulation 2,229.801009781794,2.217325621357751,0.2225070978363316,0.03592192890708033,1,1112.0,0,9,0.556,0
146,0.579,0.421,0.0,0.0,0.0,0.0,0.0,0.0,0.0,0.0,0.0,0.0,0.0,1.0,1,0,Formulation 3,1000.0,0.0,1.0,0.0,0,0.0,0,9,0.0,0
147,0.579,0.421,0.0,0.0,0.0,0.0,0.0,0.0,0.0,0.0,0.0,0.0,0.0,1.0,1,0,Formulation 4,248.0431063539862,7.432252618823832,0.2465331630704504,0.01383911201256488,1,1158.0,0,9,0.579,0
148,0.561,0.439,0.0,0.0,0.0,0.0,0.0,0.0,0.0,0.0,0.0,0.0,0.0,1.0,1,0,Formulation 5,1000.0,0.0,1.0,0.0,0,0.0,0,9,0.0,0
149,0.561,0.439,0.0,0.0,0.0,0.0,0.0,0.0,0.0,0.0,0.0,0.0,0.0,1.0,1,0,Formulation 6,1000.0,0.0,1.0,0.0,0,0.0,0,9,0.0,0
150,0.494,0.506,0.0,0.0,0.0,0.0,0.0,0.0,0.0,0.0,0.0,0.0,0.0,1.0,1,0,Formulation 7,1000.0,0.0,1.0,0.0,0,0.0,0,9,0.0,0
151,0.579,0.421,0.0,0.0,0.0,0.0,0.0,0.0,0.0,0.0,0.0,0.0,0.0,1.0,1,0,Formulation 8,1000.0,0.0,1.0,0.0,0,0.0,0,9,0.0,0
152,0.579,0.421,0.0,0.0,0.0,0.0,0.0,0.0,0.0,0.0,0.0,0.0,0.0,1.0,1,0,Formulation 9,254.0453743915379,10.60327913369404,0.2455210187178939,0.08876728162526164,1,1158.0,0,9,0.579,0
153,0.558,0.442,0.0,0.0,0.0,0.0,0.0,0.0,0.0,0.0,1.0,0.0,0.0,0.0,2,0,Formulation 10,278.3274178618291,11.48704753334164,0.2612546665219742,0.08792061287158415,1,1116.0,0,9,0.558,0
154,0.579,0.421,0.0,0.0,0.0,0.0,0.0,0.0,0.0,0.0,0.0,0.0,0.0,1.0,1,0,Formulation 11,1000.0,0.0,1.0,0.0,0,0.0,0,9,0.0,0
155,0.518,0.482,0.0,0.0,0.0,0.0,0.0,0.0,0.0,0.0,0.0,0.0,1.0,0.0,2,0,Formulation 12,256.1304658614325,7.508883981303465,0.3346353666847582,0.004839808752065674,1,1036.0,0,9,0.518,0
156,0.579,0.421,0.0,0.0,0.0,0.0,0.0,0.0,0.0,0.0,0.0,0.0,0.0,1.0,1,0,Formulation 13,250.1606482941647,19.84793527387744,0.2090719845932008,0.04587966855309758,1,1158.0,0,9,0.579,0
157,0.577,0.423,0.0,0.0,0.0,0.0,0.0,0.0,0.0,0.0,1.0,0.0,0.0,0.0,2,0,Formulation 14,283.6398096519979,7.534697974915707,0.2325699084679512,0.03513596413864702,1,1154.0,0,9,0.577,0
158,0.579,0.421,0.0,0.0,0.0,0.0,0.0,0.0,0.0,0.0,0.0,0.0,0.0,1.0,1,0,Formulation 15,242.0119340847982,14.33513859769439,0.1822161549380296,0.01062571370921891,1,1158.0,0,9,0.579,0
159,0.579,0.421,0.0,0.0,0.0,0.0,0.0,0.0,0.0,0.0,0.0,0.0,0.0,1.0,1,0,Formulation 16,234.6631715634342,6.88779842782196,0.1936098053958711,0.02583692577169839,1,1158.0,0,9,0.579,0
160,0.564,0.436,0.0,0.0,0.0,0.0,0.0,0.0,0.0,0.0,1.0,0.0,0.0,0.0,2,0,Formulation 1,290.8165998334964,6.85310363014512,0.1838099027660037,0.03352215082885686,1,1128.0,0,10,0.564,0
161,0.574,0.426,0.0,0.0,0.0,0.0,0.0,0.0,0.0,0.0,0.0,0.0,0.0,1.0,1,0,Formulation 2,1000.0,0.0,1.0,0.0,0,0.0,0,10,0.0,0
162,0.571,0.429,0.0,0.0,0.0,0.0,0.0,0.0,0.0,0.0,0.0,0.0,0.0,1.0,1,0,Formulation 3,249.4711706259978,0.9287920792629981,0.2016636255863917,0.04302334096198668,1,1142.0,0,10,0.571,0
163,0.571,0.429,0.0,0.0,0.0,0.0,0.0,0.0,0.0,0.0,0.0,1.0,0.0,0.0,2,0,Formulation 4,1000.0,0.0,1.0,0.0,0,0.0,0,10,0.0,0
164,0.564,0.436,0.0,0.0,0.0,0.0,0.0,0.0,0.0,0.0,0.0,0.0,1.0,0.0,2,0,Formulation 5,234.7499732607824,14.88537760702221,0.3830119194212577,0.02114939427223882,1,1128.0,0,10,0.564,0
165,0.546,0.454,0.0,0.0,0.0,0.0,0.0,0.0,0.0,0.0,0.0,0.0,1.0,0.0,2,0,Formulation 6,1000.0,0.0,1.0,0.0,0,0.0,0,10,0.0,0
166,0.571,0.429,0.0,0.0,0.0,0.0,0.0,0.0,0.0,0.0,0.0,0.0,0.0,1.0,1,0,Formulation 7,239.9707982821429,1.032257435919902,0.2206369877784532,0.0404803380039092,1,1142.0,0,10,0.571,0
167,0.571,0.429,0.0,0.0,0.0,0.0,0.0,0.0,0.0,0.0,0.0,0.0,0.0,1.0,1,0,Formulation 8,241.0833252440567,5.831587696208632,0.2573431455632511,0.08181496807298165,1,1142.0,0,10,0.571,0
168,0.572,0.428,0.0,0.0,0.0,0.0,0.0,0.0,0.0,0.0,0.0,0.0,0.0,1.0,1,0,Formulation 9,1000.0,0.0,1.0,0.0,0,0.0,0,10,0.0,0
169,0.572,0.428,0.0,0.0,0.0,0.0,0.0,0.0,0.0,0.0,0.0,0.0,0.0,1.0,1,0,Formulation 10,243.0632541095289,6.223092851586109,0.2118980674141693,0.07832629868075854,1,1144.0,0,10,0.572,0
170,0.571,0.429,0.0,0.0,0.0,0.0,0.0,0.0,0.0,0.0,0.0,0.0,0.0,1.0,1,0,Formulation 11,264.6162425957313,5.156800576671262,0.2547604502983558,0.08609945681715087,1,1142.0,0,10,0.571,0
171,0.572,0.428,0.0,0.0,0.0,0.0,0.0,0.0,0.0,0.0,0.0,0.0,0.0,1.0,1,0,Formulation 12,248.0375497113063,7.210162701435929,0.2288561967823798,0.05017826360772657,1,1144.0,0,10,0.572,0
172,0.572,0.428,0.0,0.0,0.0,0.0,0.0,0.0,0.0,0.0,0.0,0.0,0.0,1.0,1,0,Formulation 13,261.4741384483772,14.17423859393077,0.2699146868367237,0.04005965533280152,1,1144.0,0,10,0.572,0
173,0.572,0.428,0.0,0.0,0.0,0.0,0.0,0.0,0.0,0.0,0.0,0.0,0.0,1.0,1,0,Formulation 14,245.651288831895,16.72938497367143,0.2480690083859761,0.03476507792196764,1,1144.0,0,10,0.572,0
174,0.571,0.429,0.0,0.0,0.0,0.0,0.0,0.0,0.0,0.0,0.0,0.0,0.0,1.0,1,0,Formulation 15,1000.0,0.0,1.0,0.0,0,0.0,0,10,0.0,0
175,0.572,0.428,0.0,0.0,0.0,0.0,0.0,0.0,0.0,0.0,0.0,0.0,0.0,1.0,1,0,Formulation 16,246.8703948572175,13.31932990732925,0.2100131572793258,0.07676492987297179,1,1144.0,0,10,0.572,0
